apple,1.28781e+08,1.67359e+13,1.48764e+18,3.61189e+17,2.25203e+35,1.33615e+24,1.39214e+35
apple,1.47155e+08,1.46552e+14,2.57305e+18,1.42581e+17,7.96543e+34,-6.67799e+23,3.33667e+34
apple,2.30407e+08,1.02496e+14,8.15534e+18,6.0939e+17,1.04114e+36,-2.83156e+24,8.7269e+35
apple,2.01924e+08,2.7385e+14,1.03359e+19,4.8328e+17,6.38205e+35,7.99529e+24,8.7141e+35
apple,2.04663e+08,5.98137e+14,1.30464e+18,1.38992e+17,-3.03423e+34,8.5314e+23,5.08185e+34
apple,1.29532e+08,2.81635e+12,8.35809e+17,1.29792e+17,3.57633e+34,2.15557e+23,2.34188e+34
apple,1.40871e+08,8.45232e+13,1.18672e+18,2.04793e+17,8.98982e+34,1.70414e+24,4.59466e+34
apple,1.90867e+08,2.72859e+13,5.77303e+17,1.88996e+17,1.7487e+34,-7.43151e+23,5.99288e+34
apple,2.17729e+08,2.53919e+14,1.73499e+19,1.71544e+18,9.12721e+36,1.43689e+25,2.06835e+36
apple,4.69197e+07,3.28366e+13,1.94309e+17,4.23849e+16,3.88497e+32,-1.5538e+23,3.82681e+33
apple,2.01635e+08,7.90275e+13,1.43654e+19,1.76292e+18,5.83386e+36,-5.70466e+24,6.68376e+36
apple,1.79883e+08,1.90634e+14,1.33395e+18,1.05266e+17,-1.40442e+34,4.42349e+23,3.68607e+34
apple,1.64566e+08,3.30766e+13,3.33532e+18,4.04992e+17,3.8243e+35,-1.40514e+24,2.7441e+35
apple,1.58018e+08,7.36866e+14,9.92917e+17,9.84434e+16,-2.31597e+34,-1.10756e+24,2.02705e+34
apple,1.34652e+08,5.25959e+13,2.11319e+18,1.43513e+17,-7.24226e+34,1.24322e+23,3.16413e+34
bat,1.6616e+09,1.38475e+18,8.46137e+22,1.50953e+22,2.47268e+44,3.74606e+29,4.79489e+44
bat,2.51396e+09,2.72277e+18,1.02193e+23,9.79812e+21,-1.66773e+43,-4.79894e+30,-3.09596e+44
bat,2.51399e+09,2.72293e+18,1.00682e+23,8.9998e+21,-5.42328e+43,-5.90613e+30,-2.65426e+44
bat,2.61398e+09,3.44353e+18,8.951e+22,7.82774e+21,-5.29351e+43,-7.01577e+30,2.00324e+44
bat,2.61394e+09,3.44323e+18,9.17986e+22,8.66898e+21,-2.92283e+43,-6.3041e+30,2.42798e+44
bat,2.58475e+09,2.567e+18,1.21906e+23,9.88489e+21,-2.90369e+43,-4.68046e+30,-3.41909e+44
bat,2.58426e+09,2.56602e+18,1.2079e+23,9.86074e+21,-2.84183e+42,-3.82391e+30,-3.40303e+44
bat,2.70363e+09,4.7368e+18,1.05366e+23,1.67702e+22,2.81792e+44,-5.82652e+29,-6.46181e+44
bat,2.70389e+09,4.73759e+18,1.04341e+23,1.61166e+22,2.38263e+44,-1.72764e+30,-6.16463e+44
bat,2.66613e+09,3.3969e+18,8.64174e+22,7.09511e+21,-4.23322e+43,-6.12315e+30,1.70511e+44
bat,2.66613e+09,3.39674e+18,8.86591e+22,7.40674e+21,-5.83093e+43,-6.98772e+30,1.80624e+44
bat,1.03681e+09,4.64766e+17,1.80651e+22,2.87115e+21,1.024e+43,8.8186e+27,-1.79643e+43
bat,1.03697e+09,4.64855e+17,1.80884e+22,2.85376e+21,9.8996e+42,-1.17245e+28,-1.79552e+43
bat,2.93001e+08,3.92488e+16,3.59171e+20,4.40664e+19,1.59968e+39,-1.07772e+27,-5.30805e+39
bat,2.92989e+08,3.92301e+16,3.74466e+20,4.59706e+19,1.03481e+39,-1.91908e+27,-5.94208e+39
beetle,1.08321e+08,4.04461e+15,2.8992e+18,2.64384e+18,-6.77967e+36,1.66752e+26,2.75935e+36
beetle,6.04142e+07,1.42098e+15,1.70652e+17,7.56349e+16,5.62384e+33,1.73915e+24,6.49694e+33
beetle,6.04225e+07,1.42252e+15,1.26228e+17,4.9641e+16,3.62544e+33,1.66549e+24,1.51567e+33
beetle,5.8395e+07,1.63577e+15,5.91297e+17,2.44913e+17,9.3135e+34,9.75151e+24,-3.51365e+33
beetle,5.7924e+07,8.32139e+14,4.06181e+17,2.27016e+14,2.17938e+30,-3.09179e+21,-4.92376e+28
beetle,1.36152e+09,4.91678e+17,6.59754e+21,2.71878e+21,-1.15024e+43,1.90551e+30,-5.30529e+41
beetle,1.44023e+08,5.49532e+15,2.46454e+19,9.51606e+18,-1.37571e+38,6.93614e+26,-4.80823e+37
beetle,2.51861e+08,2.35286e+15,2.57909e+19,2.55814e+18,2.0069e+37,1.22206e+26,5.38456e+36
beetle,9.64865e+07,6.11378e+13,1.6667e+18,5.17047e+17,-4.74058e+35,4.04241e+24,7.51674e+34
beetle,7.0256e+08,1.29647e+17,9.08155e+19,1.67175e+19,6.51362e+38,6.01645e+27,5.24683e+36
beetle,4.25548e+07,1.59747e+14,4.36201e+17,1.80146e+16,5.56177e+32,1.49703e+23,1.49693e+33
beetle,4.25693e+07,1.60473e+14,4.30888e+17,1.29946e+16,9.68733e+32,1.64451e+23,-8.38328e+31
beetle,6.87176e+07,3.07962e+14,1.04868e+17,5.23996e+17,-6.6623e+34,9.12626e+24,-1.03195e+35
beetle,6.87267e+07,3.08459e+14,9.79995e+16,5.0096e+17,-7.89092e+34,8.79804e+24,-7.80639e+34
beetle,1.26037e+08,5.08112e+15,6.06881e+18,4.85274e+18,-2.25349e+37,3.39279e+26,1.36274e+37
bell,1.22741e+09,3.00233e+17,4.72418e+21,2.57044e+20,2.37328e+41,1.24355e+29,1.54621e+41
bell,3.13468e+08,1.62178e+16,2.61824e+20,1.50197e+19,9.39373e+38,1.91087e+27,6.86543e+37
bell,6.824e+06,4.43611e+12,2.17874e+16,1.51436e+15,8.01717e+30,3.05745e+21,3.37479e+30
bell,6.8234e+06,4.43584e+12,2.17011e+16,1.48224e+15,7.54724e+30,2.97867e+21,3.70274e+30
bell,2.50636e+06,9.39082e+11,1.42486e+15,1.41504e+14,5.57365e+28,1.27816e+20,3.05064e+28
bell,7.75561e+07,5.44e+14,6.09846e+18,6.8151e+16,2.84519e+34,1.2733e+24,3.3479e+34
bell,1.35413e+08,5.22608e+15,2.54904e+19,3.00213e+18,2.60881e+37,2.16405e+26,3.01989e+36
bell,904800,6.36063e+10,9.44307e+13,4.08416e+12,-4.3592e+25,1.86357e+17,6.73266e+25
bell,6.5301e+07,5.58575e+14,3.51155e+18,1.18933e+17,4.60643e+34,2.18909e+24,6.15278e+34
bell,2.5055e+06,9.39546e+11,1.41013e+15,1.33681e+14,5.20421e+28,1.23268e+20,2.56973e+28
bell,1.28831e+08,2.47143e+15,2.5802e+19,1.12497e+18,5.94785e+36,5.4725e+25,-1.16513e+36
bell,1.77839e+07,6.5171e+13,1.63193e+17,1.22521e+16,5.11481e+32,9.64153e+22,1.96294e+32
bell,1.77796e+07,6.52355e+13,1.63781e+17,1.20536e+16,5.07763e+32,9.37204e+22,1.70297e+32
bell,6.81083e+07,8.74642e+14,5.20107e+18,2.99718e+17,3.62052e+35,8.5729e+24,-9.46101e+34
bell,6.81216e+07,8.73702e+14,5.22748e+18,3.11058e+17,2.77213e+35,7.35689e+24,2.837e+35
bird,2.26281e+08,1.3197e+16,2.79463e+20,2.31039e+19,-1.60097e+39,-2.43354e+27,9.39906e+38
bird,1.19068e+08,5.52562e+15,5.30457e+19,6.18849e+18,-3.39657e+37,-2.47122e+26,-1.06857e+38
bird,1.19742e+08,5.78639e+15,5.08913e+19,5.60529e+18,-2.75417e+37,-2.09109e+26,-9.05767e+37
bird,9.47741e+07,3.33997e+15,3.26189e+19,3.63533e+18,2.0406e+36,-5.9577e+25,-3.95342e+37
bird,1.35131e+08,7.73981e+15,7.37753e+19,9.16056e+18,-2.64191e+37,-2.89282e+26,-2.36673e+38
bird,5.85688e+08,6.06624e+16,1.8824e+21,9.75138e+19,4.13723e+40,7.25944e+27,-5.81358e+39
bird,1.47524e+09,1.14374e+18,1.38186e+22,2.00667e+21,9.06988e+42,9.01584e+29,5.42178e+42
bird,1.54805e+08,8.36069e+15,4.16924e+19,2.44268e+18,2.27731e+37,6.56417e+25,-9.43615e+36
bird,1.97537e+09,1.69209e+18,7.07618e+21,4.7757e+20,3.85793e+41,4.60154e+29,7.88612e+41
bird,1.97958e+09,1.70183e+18,7.26143e+21,4.92821e+20,6.1706e+41,5.53558e+29,6.9884e+41
bird,1.21173e+09,3.2101e+17,6.15619e+21,5.1677e+20,-3.27353e+41,1.08257e+29,8.61636e+41
bird,1.21164e+09,3.20746e+17,6.14652e+21,4.50283e+20,-1.48919e+41,1.22901e+29,7.34153e+41
bird,3.36023e+08,5.3015e+16,3.90794e+20,2.43664e+19,-2.06579e+39,-4.93698e+27,1.17732e+39
bird,3.3598e+08,5.30071e+16,3.88487e+20,2.40719e+19,-2.004e+39,-4.84621e+27,1.1844e+39
bird,1.92611e+08,1.09061e+16,1.81618e+20,1.46428e+19,-6.64504e+38,-1.24356e+27,3.58659e+38
Bone,8.40891e+08,6.17112e+17,1.83369e+21,1.35529e+21,2.13632e+42,1.06367e+30,-3.14165e+40
Bone,9.4727e+08,7.71641e+17,1.14324e+20,5.87642e+19,4.79867e+39,5.11917e+28,-4.14906e+38
Bone,8.04245e+08,5.44848e+17,9.51855e+20,5.96106e+20,4.46957e+41,4.22461e+29,-4.30395e+40
Bone,4.39008e+08,1.77655e+17,3.33846e+20,2.15656e+20,5.78094e+40,9.04859e+28,-2.53401e+39
Bone,8.14255e+08,5.43377e+17,1.77953e+21,6.48276e+20,6.21804e+41,3.28863e+29,-3.13345e+41
Bone,7.99584e+08,5.71673e+17,6.42178e+20,4.67944e+20,2.565e+41,3.53509e+29,-3.07196e+39
Bone,4.96361e+08,2.35442e+17,1.46334e+20,1.2002e+20,1.59011e+40,5.76884e+28,3.82065e+38
Bone,8.31502e+08,6.16398e+17,2.31768e+20,1.36345e+20,2.42284e+40,1.06925e+29,6.54175e+38
Bone,7.68075e+08,5.25371e+17,4.33908e+20,2.81618e+20,9.84178e+40,2.03754e+29,-2.2686e+39
Bone,7.72056e+08,5.38751e+17,2.78198e+20,2.02248e+20,4.7911e+40,1.46596e+29,-2.44892e+39
Bone,7.61241e+08,5.2588e+17,1.59646e+20,1.18674e+20,1.633e+40,8.59778e+28,3.93669e+38
Bone,8.48935e+08,6.48121e+17,5.08656e+20,3.42402e+20,1.42885e+41,2.75583e+29,-1.63972e+39
Bone,8.11658e+08,5.68475e+17,9.93822e+20,4.02069e+20,2.27219e+41,1.98617e+29,-1.13878e+41
Bone,8.10787e+08,5.55817e+17,1.22947e+21,5.89801e+20,4.75539e+41,3.2843e+29,1.61598e+41
Bone,7.39399e+08,4.87289e+17,3.71647e+20,2.33972e+20,6.89173e+40,1.62746e+29,-3.25163e+39
bottle,1.24757e+07,1.18004e+14,4.37081e+16,2.81527e+16,9.8529e+32,3.04855e+23,6.68053e+31
bottle,1.27003e+07,1.23822e+14,4.48697e+16,2.79362e+16,9.86628e+32,3.08782e+23,6.94658e+31
bottle,6.97594e+06,3.80763e+13,1.83132e+16,1.24789e+16,1.88586e+32,7.68594e+22,4.74351e+30
bottle,1.10897e+07,9.29089e+13,2.45405e+16,1.56534e+16,3.05413e+32,1.49951e+23,2.91267e+31
bottle,1.12205e+07,9.69403e+13,2.52467e+16,1.63012e+16,3.30636e+32,1.60499e+23,6.43057e+30
bottle,6.29774e+06,2.98223e+13,1.21847e+16,8.25712e+15,8.25829e+31,4.46723e+22,6.29987e+30
bottle,7.41388e+06,4.35831e+13,1.72877e+16,1.12825e+16,1.57195e+32,7.34347e+22,1.08717e+31
bottle,8.71234e+06,5.56484e+13,2.75131e+16,1.77503e+16,3.90968e+32,1.30644e+23,3.18467e+31
bottle,1.16349e+07,1.08268e+14,1.97586e+16,1.27448e+16,2.01152e+32,1.30392e+23,2.09961e+31
bottle,1.18656e+07,1.07465e+14,2.77397e+16,1.70968e+16,3.70387e+32,1.75095e+23,3.79635e+31
bottle,6.69624e+06,3.62012e+13,1.03783e+16,7.40204e+15,6.48586e+31,4.44435e+22,1.54652e+30
bottle,1.19808e+07,1.15363e+14,2.59191e+16,1.88995e+16,4.18047e+32,2.02161e+23,1.45004e+31
bottle,6.70828e+06,3.6534e+13,2.00053e+16,1.43804e+16,2.43752e+32,8.64474e+22,8.76859e+30
bottle,1.49976e+07,1.60788e+14,6.67429e+16,3.51712e+16,1.70373e+33,4.45093e+23,3.34287e+31
bottle,6.57221e+06,3.49938e+13,1.33057e+16,9.08735e+15,9.97709e+31,5.30385e+22,5.55265e+30
brick,3.21952e+07,7.13393e+14,5.81337e+15,8.09311e+15,5.00374e+31,2.15162e+23,-2.40385e+31
brick,3.54635e+07,8.25662e+14,9.85324e+15,1.03496e+16,9.92471e+31,2.97389e+23,-3.27609e+31
brick,7.03425e+07,2.68957e+15,3.48137e+16,3.48279e+16,1.20175e+33,1.80273e+24,-1.62888e+32
brick,3.90702e+07,1.01948e+15,7.60653e+15,9.70719e+14,2.32862e+30,-5.20262e+21,1.23906e+30
brick,7.0421e+07,2.62253e+15,1.74022e+16,3.01565e+15,9.12114e+30,1.05029e+23,-1.98509e+31
brick,3.96478e+07,9.65818e+14,1.1062e+15,4.04754e+15,9.18623e+28,1.25394e+23,-8.56403e+30
brick,3.94456e+07,1.01537e+15,7.52562e+15,3.03508e+15,1.42422e+31,1.41594e+22,-2.7501e+30
brick,6.62939e+07,2.5116e+15,5.6721e+15,4.34944e+15,1.13093e+31,1.04718e+23,-1.84067e+31
brick,7.62104e+07,3.1842e+15,5.00747e+16,5.21129e+16,2.5855e+33,2.61911e+24,-6.34072e+32
brick,3.71812e+07,9.11749e+14,2.08101e+16,3.15093e+15,8.92645e+30,2.5658e+22,2.39026e+31
brick,6.47241e+07,2.27039e+15,4.39633e+15,7.46794e+15,2.17405e+31,3.22273e+23,-3.6856e+31
brick,6.18677e+07,2.29688e+15,6.03853e+15,2.1123e+16,2.31943e+32,9.6034e+23,5.57964e+31
brick,5.98973e+07,1.90454e+15,4.63516e+15,2.07087e+15,2.30269e+30,-6.01752e+22,-5.98847e+30
brick,3.5636e+07,8.52239e+14,2.36967e+16,4.67644e+15,4.77434e+31,1.3176e+23,1.2001e+31
brick,7.75286e+07,3.02479e+15,3.22124e+17,7.28754e+16,1.07832e+34,3.44658e+24,2.89701e+33
butterfly,5.97721e+08,9.28263e+16,1.03226e+21,2.50971e+20,9.59411e+40,1.48321e+28,-8.43388e+40
butterfly,1.72978e+09,9.15714e+17,2.04482e+22,1.56898e+21,-8.86156e+42,-1.50077e+30,6.71283e+41
butterfly,1.72972e+09,9.15619e+17,1.96364e+22,1.38797e+21,-7.02887e+42,-1.31353e+30,1.76065e+42
butterfly,5.75577e+08,4.96899e+16,4.27416e+20,4.76226e+19,-6.48604e+39,-1.02951e+28,-2.02331e+39
butterfly,5.75572e+08,4.96989e+16,4.24753e+20,4.57086e+19,-6.34775e+39,-1.0148e+28,-5.18687e+38
butterfly,2.66719e+09,1.96902e+18,5.51296e+22,2.99333e+21,-3.84007e+43,-4.19855e+30,1.9941e+42
butterfly,1.50082e+09,9.46671e+17,1.1906e+22,1.06179e+21,-3.74376e+42,-1.02982e+30,4.86208e+41
butterfly,2.66716e+09,1.96983e+18,5.35746e+22,2.66053e+21,-3.17611e+43,-3.73407e+30,4.07305e+41
butterfly,2.30429e+09,7.18976e+17,4.78047e+22,3.4818e+21,-4.32646e+43,-2.89065e+30,-1.20825e+43
butterfly,2.30437e+09,7.18871e+17,4.89896e+22,3.94867e+21,-5.38924e+43,-3.31045e+30,-1.05725e+43
butterfly,5.99175e+08,5.10026e+16,8.01724e+20,8.46406e+19,-2.19541e+40,-1.90739e+28,-2.03861e+39
butterfly,5.9909e+08,5.10265e+16,7.80344e+20,7.67156e+19,-1.71295e+40,-1.65793e+28,7.67459e+39
butterfly,1.544e+08,8.1623e+15,4.28727e+19,3.23905e+18,-1.75e+37,-2.07089e+26,-3.39214e+37
butterfly,1.54422e+08,8.15228e+15,4.72961e+19,3.98141e+18,-4.2295e+37,-3.16037e+26,-3.45843e+37
butterfly,1.50073e+09,9.46899e+17,1.14262e+22,9.68349e+20,-3.13037e+42,-9.30675e+29,7.58986e+41
camel,4.73534e+08,5.40773e+16,8.09678e+19,3.07278e+18,-4.72721e+37,-5.89448e+26,-1.06991e+37
camel,5.58404e+08,3.09966e+16,6.52344e+19,6.63713e+19,2.27642e+39,-2.67163e+27,-3.72704e+39
camel,2.84801e+08,1.30154e+16,1.20681e+20,7.51064e+18,-1.73676e+38,-7.57652e+26,1.44797e+38
camel,5.4795e+08,2.71102e+16,1.9052e+20,6.49712e+19,5.76341e+39,-3.08636e+27,-4.36295e+39
camel,2.04559e+08,8.49383e+15,1.94266e+19,1.69899e+18,9.74505e+36,1.51205e+26,-5.53001e+35
camel,4.21185e+08,3.86385e+16,9.30135e+19,3.80074e+18,-2.87288e+37,2.07482e+26,6.5433e+37
camel,2.70891e+08,1.15039e+15,3.08111e+19,5.12916e+18,6.32211e+37,-6.31783e+25,-1.26779e+37
camel,3.06671e+08,8.07277e+15,4.49999e+19,9.63407e+18,-1.6504e+38,-5.13817e+26,-1.14019e+38
camel,3.71842e+08,2.61745e+15,1.74027e+18,5.00254e+19,-2.51837e+38,1.90266e+27,-3.92993e+38
camel,5.08504e+08,1.33552e+16,1.92116e+20,4.41362e+19,1.96987e+39,-4.37534e+27,3.55489e+39
camel,2.2795e+08,1.98671e+16,1.10965e+20,2.69877e+19,1.34288e+39,3.23147e+27,6.14674e+38
camel,2.4218e+08,7.49715e+15,2.95934e+19,1.88134e+18,-8.07655e+36,-1.56296e+26,1.14817e+37
camel,3.47693e+08,6.36123e+15,1.08405e+20,4.31345e+18,2.69357e+37,6.88176e+25,-8.93004e+37
camel,2.85301e+08,8.16365e+15,1.00574e+20,1.13857e+18,1.03585e+37,1.001e+26,-6.41467e+36
camel,4.40749e+08,7.35143e+15,1.6097e+20,7.47723e+18,-2.52904e+38,-4.90035e+26,5.77232e+37
car,2.73095e+07,3.49946e+14,9.4542e+16,7.42575e+15,9.83797e+31,3.90152e+22,-1.70392e+32
car,3.82824e+07,6.98827e+14,2.2096e+17,1.43166e+16,3.18642e+32,9.38887e+22,-7.39497e+32
car,4.08898e+07,7.74259e+14,2.27521e+17,3.22957e+16,2.7583e+33,7.78985e+23,-2.36109e+32
car,4.33195e+07,9.48462e+14,1.97899e+17,6.53853e+15,-1.94833e+32,-1.51658e+23,-1.31758e+32
car,4.75718e+07,1.1154e+15,4.36137e+17,3.17763e+16,-3.32226e+32,-1.83379e+23,-3.72604e+33
car,2.24696e+07,2.47197e+14,3.59009e+16,6.48554e+15,9.64176e+31,1.00596e+23,2.22996e+31
car,4.81211e+07,1.20614e+15,3.42607e+17,1.61623e+16,-4.15763e+32,-2.19624e+23,-1.12854e+33
car,1.62733e+07,1.4748e+14,2.60367e+16,2.64689e+15,1.70172e+31,1.89499e+22,-1.39013e+31
car,1.7515e+07,1.65913e+14,5.97429e+16,9.59076e+15,1.95447e+32,7.60806e+22,-1.20436e+32
car,1.88786e+07,1.76881e+14,3.73072e+16,2.31048e+15,-3.86243e+30,-8.2157e+21,-2.11005e+31
car,2.30473e+07,2.73156e+14,4.81262e+16,3.90174e+15,2.73335e+31,1.9971e+22,-4.5951e+31
car,2.22853e+07,2.62057e+14,6.54407e+16,7.3329e+15,1.22916e+32,6.58596e+22,-1.03416e+32
car,2.61861e+07,3.49791e+14,6.76507e+16,3.89732e+15,4.16998e+31,3.03879e+22,-4.76006e+31
car,2.81618e+07,3.86556e+14,5.72093e+16,2.90655e+15,5.17904e+30,1.61038e+21,-3.71204e+31
car,2.61134e+07,3.3694e+14,6.96155e+16,6.28524e+15,1.27774e+32,9.51821e+22,-3.09681e+31
carriage,3.21039e+07,6.73291e+14,3.07934e+17,1.76374e+17,4.05387e+34,4.42203e+24,6.79137e+33
carriage,2.89247e+07,5.88983e+14,2.24995e+17,1.57267e+17,2.93363e+34,3.78966e+24,3.81355e+33
carriage,3.024e+07,5.96298e+14,2.63193e+17,1.64543e+17,3.39166e+34,3.96382e+24,4.70773e+33
carriage,3.28143e+07,7.00459e+14,2.06433e+17,1.42784e+17,2.44476e+34,3.76472e+24,1.79993e+33
carriage,3.00848e+07,6.2593e+14,6.1552e+16,4.32479e+16,2.18652e+33,1.02347e+24,4.45059e+32
carriage,3.7999e+07,9.37694e+14,1.67301e+17,1.17256e+17,1.63155e+34,3.56416e+24,1.87476e+33
carriage,3.07105e+07,6.54119e+14,1.9295e+17,1.62933e+17,2.87988e+34,4.16542e+24,2.28437e+33
carriage,3.42832e+07,7.90561e+14,1.44575e+17,1.03846e+17,1.27023e+34,2.8956e+24,7.47105e+32
carriage,3.44909e+07,7.73654e+14,1.00656e+17,7.39331e+16,6.30263e+33,1.65881e+24,9.76969e+32
carriage,3.46255e+07,8.42491e+14,1.40017e+17,1.32017e+17,1.78231e+34,3.74167e+24,2.12017e+33
carriage,3.63878e+07,8.71695e+14,2.09388e+17,2.28805e+17,4.97853e+34,6.64403e+24,5.43429e+33
carriage,3.34721e+07,7.50228e+14,4.43067e+16,3.3917e+16,1.31473e+33,9.15516e+23,1.39679e+31
carriage,3.50972e+07,8.47911e+14,6.65255e+16,4.26744e+16,2.24062e+33,1.17097e+24,3.8677e+32
carriage,3.41614e+07,7.71625e+14,2.93552e+17,1.91398e+17,4.50612e+34,5.20346e+24,5.26668e+33
carriage,2.98102e+07,5.97616e+14,2.03601e+17,1.64275e+17,2.99315e+34,3.97821e+24,2.5897e+33
cattle,3.25461e+09,3.63051e+18,1.66367e+22,6.0626e+20,1.13578e+42,1.14902e+30,-1.55473e+42
cattle,3.65148e+09,4.97136e+18,2.46385e+22,5.8539e+20,2.13346e+42,8.18569e+29,-6.25204e+41
cattle,3.65129e+09,4.97031e+18,2.4899e+22,5.9741e+20,2.14335e+42,7.68583e+29,-8.45503e+41
cattle,1.13412e+09,5.62909e+17,2.35442e+21,3.37519e+20,2.94539e+41,2.53028e+29,-6.14311e+40
cattle,1.13415e+09,5.62954e+17,2.32085e+21,3.22396e+20,2.7057e+41,2.41291e+29,-6.75442e+40
cattle,1.01545e+09,3.60275e+17,9.53146e+20,5.63561e+18,4.09016e+38,-1.9778e+27,-5.751e+37
cattle,1.0154e+09,3.6027e+17,9.28179e+20,8.06101e+18,6.41088e+38,-2.07147e+27,-2.74208e+38
cattle,7.02892e+09,2.40525e+19,4.69609e+22,9.49207e+21,1.5477e+44,2.76674e+31,1.27313e+44
cattle,7.0298e+09,2.40572e+19,5.32667e+22,8.68349e+21,1.76076e+44,1.67158e+31,6.2243e+43
cattle,2.68816e+09,2.27886e+18,8.46204e+21,8.11762e+20,1.78097e+42,1.20952e+30,1.16389e+42
cattle,2.68832e+09,2.27941e+18,8.71046e+21,9.91827e+20,2.42586e+42,1.48192e+30,1.61675e+42
cattle,9.06114e+08,3.22086e+17,5.16319e+20,2.87943e+18,9.70202e+37,-1.46723e+27,5.39766e+37
cattle,9.06171e+08,3.22087e+17,5.13089e+20,2.74847e+18,1.03053e+38,-1.13972e+27,5.73422e+36
cattle,9.90625e+08,3.17783e+17,1.01627e+21,5.13772e+19,-5.00958e+39,8.84496e+27,-1.06173e+40
cattle,9.90603e+08,3.1772e+17,1.09402e+21,7.39471e+19,-9.64162e+38,2.26185e+28,-2.10106e+40
cellular_phone,6.18015e+08,2.22868e+17,5.9542e+19,1.75976e+19,5.01782e+38,4.37521e+27,2.69614e+38
cellular_phone,5.37314e+08,1.7262e+17,3.03535e+19,7.83987e+18,9.94066e+37,1.13201e+27,6.88814e+37
cellular_phone,3.12161e+08,3.94469e+16,1.17747e+19,1.10846e+18,-2.41473e+36,-1.30293e+26,-3.19463e+36
cellular_phone,3.53488e+08,7.27726e+16,7.50556e+18,1.79288e+18,5.56748e+36,1.07485e+26,3.50114e+36
cellular_phone,3.27181e+08,6.51878e+16,9.65291e+18,1.28787e+18,-9.25551e+35,-1.64314e+26,4.44553e+36
cellular_phone,7.94994e+08,3.44542e+17,1.76802e+20,3.38326e+19,1.06153e+39,-2.21443e+27,2.39166e+39
cellular_phone,2.36086e+08,3.33428e+16,3.33866e+18,5.31517e+17,2.64361e+35,-8.47461e+24,6.56843e+35
cellular_phone,2.18396e+08,2.93991e+16,1.4498e+18,1.11614e+17,-1.26483e+34,-1.36248e+25,-4.30801e+34
cellular_phone,3.00326e+08,6.84732e+16,6.31372e+18,1.26937e+18,1.58002e+36,-6.769e+24,3.22756e+36
cellular_phone,5.41981e+08,1.82532e+17,5.16428e+19,9.70144e+18,6.19119e+37,-6.81635e+26,2.08137e+38
cellular_phone,3.21218e+08,6.66083e+16,1.63672e+19,2.49749e+18,-2.66734e+36,-3.48628e+26,1.57433e+37
cellular_phone,4.17721e+08,8.61708e+16,2.21681e+19,3.79488e+18,1.20287e+37,-2.65949e+25,3.2662e+37
cellular_phone,2.73751e+08,3.68881e+16,1.00974e+19,1.78287e+18,2.94134e+36,-4.12993e+25,6.96932e+36
cellular_phone,2.86783e+08,4.97597e+16,1.36411e+19,3.28948e+18,1.23566e+37,1.07526e+26,1.82445e+37
cellular_phone,3.59495e+08,7.96536e+16,2.0893e+19,3.14342e+18,-3.59845e+36,-4.3012e+26,2.52189e+37
chicken,1.34263e+07,3.34389e+13,1.57611e+17,1.42843e+16,-1.57779e+32,3.19335e+20,6.59151e+32
chicken,1.1401e+08,3.96685e+14,2.54097e+19,1.1914e+17,4.30659e+34,-1.24646e+24,-2.0277e+35
chicken,2.5926e+08,2.46761e+15,2.87332e+20,6.93652e+18,-2.4374e+38,-2.93028e+26,1.91019e+38
chicken,6.49182e+08,2.33244e+16,9.59389e+20,3.42923e+19,9.9494e+38,-4.89388e+27,-6.13994e+39
chicken,1.28617e+08,2.65154e+14,6.18517e+18,6.79006e+17,9.92483e+35,4.16165e+24,-9.75332e+35
chicken,1.06884e+09,8.09039e+16,7.84374e+21,1.94427e+20,-2.22287e+41,-4.54883e+28,9.0763e+40
chicken,1.06877e+09,8.08696e+16,7.7974e+21,1.90437e+20,-2.30329e+41,-5.235e+28,-2.82975e+40
chicken,2.87127e+08,8.75041e+15,2.04174e+20,5.18265e+18,-1.45447e+38,-2.86498e+26,-8.52488e+37
chicken,2.87179e+08,8.7718e+15,2.02461e+20,4.48525e+18,-1.07451e+38,-2.18409e+26,-8.19929e+37
chicken,2.79907e+08,3.16314e+15,2.90527e+20,5.51618e+18,8.76026e+37,2.62961e+26,-2.02707e+38
chicken,2.79965e+08,3.16574e+15,2.86251e+20,5.75621e+18,-1.03496e+38,1.33967e+26,-2.09485e+38
chicken,6.30964e+06,3.74868e+12,1.873e+16,1.16747e+15,1.36326e+30,-1.12921e+21,-5.28633e+30
chicken,6.30491e+06,3.71689e+12,1.96909e+16,1.13321e+15,-4.41285e+30,-2.13672e+21,-3.03009e+30
chicken,4.87592e+06,4.26384e+12,1.21771e+16,8.23844e+14,-2.49995e+29,3.19802e+20,2.59739e+30
chicken,4.87785e+06,4.27692e+12,1.27774e+16,1.1223e+15,2.80761e+30,1.61027e+21,3.19054e+30
children,1.37303e+07,1.38856e+14,3.61975e+15,1.95665e+15,5.00436e+30,2.10795e+22,-1.43938e+30
children,1.36018e+07,1.35812e+14,1.43167e+15,7.5591e+14,6.46397e+29,8.54261e+21,-4.47823e+29
children,1.34667e+07,1.31326e+14,2.70472e+15,1.338e+15,2.31752e+30,1.51385e+22,-1.05251e+30
children,1.31338e+07,1.30693e+14,6.49831e+15,4.95851e+15,2.78354e+31,5.6516e+22,-4.17434e+30
children,1.32427e+07,1.32145e+14,2.82298e+15,1.68256e+15,3.6155e+30,1.93357e+22,-6.12443e+29
children,1.35788e+07,1.36733e+14,3.69394e+15,2.21306e+15,6.10764e+30,2.42256e+22,-1.65363e+30
children,1.33619e+07,1.33711e+14,2.91766e+15,1.66222e+15,3.65486e+30,1.90687e+22,-2.04557e+29
children,1.36754e+07,1.38345e+14,3.46766e+15,2.08063e+15,5.47802e+30,2.33587e+22,-1.10668e+30
children,1.36205e+07,1.36515e+14,2.58035e+15,1.28554e+15,2.31344e+30,1.45888e+22,-3.60478e+29
children,1.36085e+07,1.35564e+14,4.75433e+15,1.79155e+15,4.22007e+30,1.3276e+22,-3.087e+30
children,1.35491e+07,1.34356e+14,4.07712e+15,1.48477e+15,3.02958e+30,1.16946e+22,-2.04133e+30
children,1.36231e+07,1.35998e+14,4.74022e+15,1.8542e+15,4.70484e+30,1.49677e+22,-2.84303e+30
children,1.36848e+07,1.37215e+14,4.69467e+15,1.90851e+15,4.86534e+30,1.54976e+22,-2.99394e+30
children,1.38736e+07,1.40991e+14,5.29815e+15,2.27927e+15,6.76888e+30,1.86971e+22,-4.11309e+30
children,1.3825e+07,1.4066e+14,3.32257e+15,1.86084e+15,4.58039e+30,2.13635e+22,-6.55111e+29
chopper,2.81419e+07,1.90772e+14,2.55884e+17,1.18907e+17,1.90044e+34,1.6423e+24,-8.30788e+33
chopper,4.14208e+07,7.18427e+14,8.7381e+17,4.89841e+17,3.17931e+35,1.30733e+25,-4.02854e+34
chopper,4.82808e+07,1.0079e+15,1.48477e+18,7.92753e+17,8.46015e+35,2.51108e+25,-1.54883e+35
chopper,4.45972e+07,7.78768e+14,1.42806e+18,8.06808e+17,8.55988e+35,2.24477e+25,-1.31443e+35
chopper,4.59455e+07,8.6532e+14,1.37297e+18,6.70861e+17,6.39652e+35,1.96601e+25,-7.33425e+34
chopper,5.31353e+07,1.02922e+15,2.05592e+18,9.41465e+17,1.26368e+36,2.98378e+25,-3.44567e+35
chopper,5.28794e+07,1.31062e+15,3.19964e+18,1.76574e+18,4.19292e+36,6.34081e+25,-1.85649e+35
chopper,3.30937e+07,1.43961e+14,3.39619e+17,3.43796e+16,2.8087e+33,3.83039e+23,-2.43141e+33
chopper,3.25223e+07,1.92152e+14,2.35377e+17,5.4671e+16,4.78872e+33,7.50376e+23,-3.94087e+33
chopper,2.7793e+07,1.03407e+14,1.41422e+17,2.44406e+16,5.99191e+32,2.47112e+23,-1.306e+33
chopper,2.83431e+07,1.08775e+14,2.05702e+17,2.94861e+16,1.44553e+33,3.07009e+23,-1.78433e+33
chopper,2.86809e+07,1.34346e+14,1.62505e+17,2.93058e+16,1.14591e+33,3.35687e+23,-1.66641e+33
chopper,2.99822e+07,1.65374e+14,2.87194e+17,6.58605e+16,8.27873e+33,7.95498e+23,-3.67522e+33
chopper,3.0834e+07,1.70185e+14,2.23629e+17,4.06927e+16,2.67267e+33,5.25908e+23,-2.81524e+33
chopper,3.27553e+07,2.31852e+14,3.36567e+17,1.07463e+17,1.88309e+34,1.61231e+24,-7.94266e+33
classic,1.77641e+08,1.56975e+16,3.73704e+18,8.51598e+17,1.51261e+36,1.02816e+26,-1.4143e+35
classic,3.7099e+08,8.32255e+16,1.84054e+20,1.68394e+19,-4.45501e+38,-2.87231e+27,-8.24862e+38
classic,3.7096e+08,8.32067e+16,1.91619e+20,2.15971e+19,6.49824e+37,-1.42934e+27,1.38783e+39
classic,3.92452e+08,1.01506e+17,1.21311e+20,3.63096e+19,2.29005e+39,9.80324e+27,-7.50209e+38
classic,3.92429e+08,1.01483e+17,1.39065e+20,5.00138e+19,4.07595e+39,1.42838e+28,8.85533e+38
classic,2.29063e+09,2.95224e+18,1.25539e+22,3.38265e+21,2.03159e+43,4.80961e+30,8.55376e+42
classic,2.29069e+09,2.95248e+18,1.16366e+22,2.73793e+21,1.36e+43,3.66193e+30,-7.33968e+42
classic,3.61366e+08,8.20813e+16,9.21631e+19,2.06348e+19,7.81728e+38,3.99561e+27,-4.45719e+38
classic,3.61373e+08,8.20797e+16,1.04509e+20,2.99198e+19,1.57674e+39,6.71404e+27,5.59518e+38
classic,8.22579e+09,3.84734e+19,2.36835e+23,5.52662e+22,5.17903e+45,2.39151e+32,-3.62711e+45
classic,8.22582e+09,3.84736e+19,2.50796e+23,6.52502e+22,7.25123e+45,3.0414e+32,4.13433e+45
classic,1.58211e+08,1.23988e+16,1.93567e+18,3.58853e+17,2.9908e+35,3.99461e+25,-1.27382e+33
classic,1.58198e+08,1.23896e+16,2.91088e+18,1.00684e+18,1.70532e+36,1.11217e+26,-2.50725e+35
classic,7.41201e+09,3.59718e+19,2.2956e+23,7.20529e+22,8.64845e+45,3.44699e+32,-3.32808e+45
classic,7.41205e+09,3.59722e+19,2.43482e+23,8.29769e+22,1.12109e+46,4.11268e+32,3.66324e+45
Comma,1.01772e+09,4.05179e+17,5.02311e+19,1.30041e+19,-7.31118e+37,-1.35908e+27,3.24218e+38
Comma,8.18461e+08,3.28084e+17,2.75188e+20,4.69443e+20,1.68422e+41,2.22111e+29,-1.01615e+40
Comma,1.1559e+09,5.46512e+17,1.07091e+21,3.6333e+20,1.85711e+41,1.47507e+29,1.29905e+41
Comma,1.01873e+09,3.84803e+17,6.38327e+20,1.52277e+20,2.526e+40,3.98908e+28,4.0198e+40
Comma,1.07827e+09,5.24565e+17,5.46815e+20,1.85901e+20,5.48986e+40,6.54512e+28,2.23428e+40
Comma,1.14857e+09,5.70533e+17,7.18355e+20,2.3548e+20,7.99005e+40,8.62745e+28,5.47347e+40
Comma,8.90606e+08,3.39844e+17,3.85314e+20,8.06962e+19,1.11138e+40,7.56331e+27,8.88595e+39
Comma,9.7692e+08,4.94959e+17,6.75662e+20,5.91053e+19,-5.07449e+39,-3.3496e+28,1.06659e+40
Comma,1.03078e+09,4.94866e+17,1.2133e+21,6.49994e+20,5.27781e+41,3.02806e+29,2.33754e+41
Comma,8.90948e+08,2.85976e+17,1.04144e+21,1.7451e+20,3.1149e+40,2.05342e+27,6.75609e+40
Comma,9.63259e+08,4.14552e+17,1.8229e+20,3.70108e+19,2.20886e+39,1.39634e+27,2.08866e+39
Comma,9.78558e+08,5.62758e+17,4.24574e+20,2.03731e+20,5.68e+40,1.45638e+29,1.90795e+40
Comma,8.94174e+08,2.88214e+17,4.31634e+20,1.77197e+20,4.66306e+40,6.43388e+28,1.50699e+40
Comma,9.96338e+08,2.87632e+17,1.38463e+21,8.02038e+20,6.50541e+41,3.90235e+29,5.39591e+41
Comma,6.53182e+08,1.32905e+17,2.6408e+20,6.75074e+19,6.58848e+39,1.31533e+28,6.15105e+39
crown,1.50165e+07,5.67157e+13,1.80701e+16,2.58824e+15,-1.74549e+31,-1.92783e+22,-2.93859e+30
crown,1.00308e+07,1.55722e+13,1.14515e+16,2.55913e+15,-1.25212e+31,-8.89159e+21,-5.92859e+30
crown,2.04672e+07,8.2786e+13,1.21661e+17,3.40623e+16,-2.14506e+33,-3.07819e+23,4.54781e+32
crown,8.52493e+07,1.3977e+15,3.15729e+18,1.05564e+18,-1.85945e+36,-3.85607e+25,-5.06606e+35
crown,609070,1.22913e+11,1.10412e+13,3.40296e+12,-1.82028e+25,-1.10482e+18,-1.0186e+25
crown,4.82913e+09,1.10732e+18,3.20174e+22,4.63867e+21,-5.23967e+43,-4.61923e+30,2.12201e+43
crown,1.18389e+07,3.87631e+13,1.70548e+16,2.11225e+15,-1.47536e+30,-6.80304e+21,-1.25916e+31
crown,887785,2.44723e+11,1.04496e+13,5.24618e+12,2.73737e+24,-8.63382e+17,-3.87466e+25
crown,1.11744e+08,1.54718e+15,4.1808e+18,1.16978e+18,-2.06145e+36,-3.90478e+25,-1.5629e+36
crown,557779,8.73422e+10,5.90379e+12,1.29528e+12,2.00565e+23,-1.29119e+17,-3.57624e+24
crown,9.86936e+06,2.86815e+13,8.92221e+15,2.11558e+15,8.70215e+29,-3.56245e+21,-9.15009e+30
crown,2.24022e+07,6.73493e+13,1.03833e+17,3.56005e+16,-2.08487e+33,-2.83319e+23,-5.8161e+32
crown,1.29636e+06,4.59017e+11,6.59916e+13,2.05633e+13,-5.62518e+26,-1.12356e+19,-5.07329e+26
crown,882004,2.64064e+11,9.48412e+12,6.07934e+12,3.78295e+25,1.29277e+18,-2.64546e+25
crown,756202,1.4865e+11,1.20807e+13,2.5302e+12,4.43589e+24,-1.37735e+17,-1.32668e+25
cup,3.21666e+08,4.93679e+15,6.50465e+19,1.05784e+19,2.38097e+38,6.1626e+26,-1.42508e+38
cup,4.15655e+08,3.67065e+15,9.89544e+19,7.21792e+18,1.92517e+38,-3.27313e+26,-1.2168e+37
cup,2.58492e+08,4.70501e+15,2.25459e+19,4.66723e+17,1.05707e+36,-2.7451e+25,-1.08386e+36
cup,3.52099e+08,6.38353e+15,4.52185e+19,4.74273e+18,6.20415e+37,-3.60371e+26,3.12216e+37
cup,8.20327e+08,1.91154e+15,7.99627e+20,8.00448e+19,2.01887e+40,-3.74374e+26,1.58484e+39
cup,7.90498e+08,4.11723e+14,6.33175e+20,6.69917e+19,1.36414e+40,1.11149e+27,2.06809e+39
cup,7.56027e+08,2.37796e+16,4.3946e+20,1.67649e+19,5.11886e+38,-7.98328e+26,-1.34488e+39
cup,8.12931e+08,2.94838e+16,9.08434e+20,2.76406e+19,3.06821e+39,-4.72591e+27,3.12569e+39
cup,2.59557e+08,9.13596e+14,3.29847e+19,2.16734e+18,1.63933e+37,-6.01141e+25,8.18957e+36
cup,3.95434e+08,2.70344e+15,1.06085e+20,2.21001e+19,1.02516e+39,1.46136e+26,3.0681e+38
cup,1.8167e+08,1.74924e+14,1.19498e+19,1.86859e+18,8.79353e+36,-3.1092e+24,-7.99626e+35
cup,1.90897e+08,9.88476e+14,1.05138e+19,4.23987e+17,6.77676e+35,-1.02186e+25,5.84888e+35
cup,4.93273e+08,1.4665e+16,1.11334e+20,8.01244e+18,2.3419e+38,-9.08371e+26,4.92369e+37
cup,3.92186e+08,2.79802e+16,6.34085e+19,2.18324e+18,-2.51708e+37,6.33223e+25,-5.12739e+36
cup,3.69786e+08,6.71184e+15,9.68705e+19,1.6062e+18,-6.84766e+36,-7.38427e+25,1.88288e+37
deer,1.91032e+09,1.14825e+18,1.15443e+22,1.16994e+20,-5.22909e+40,5.71822e+28,-1.25508e+41
deer,3.26434e+09,2.75407e+18,4.73904e+22,4.16777e+21,4.38499e+43,1.66149e+30,3.88334e+43
deer,3.28615e+09,2.82801e+18,4.64614e+22,4.74714e+21,6.23387e+43,3.19512e+30,3.2928e+43
deer,5.88847e+09,1.1066e+19,2.49868e+22,4.13091e+22,1.31073e+45,5.6337e+31,-2.08231e+44
deer,5.88911e+09,1.10658e+19,2.35785e+22,3.71551e+22,1.07631e+45,5.06864e+31,-2.25751e+44
deer,8.66265e+09,1.98305e+19,4.12096e+23,1.93169e+22,1.68615e+45,5.36039e+31,-3.56745e+44
deer,8.19033e+09,1.81391e+19,3.42227e+23,2.44744e+22,1.88089e+45,9.84855e+31,1.21629e+45
deer,8.47864e+09,1.94963e+19,3.52977e+23,1.31442e+22,8.78675e+44,3.57411e+31,-1.71822e+44
deer,8.47872e+09,1.94947e+19,3.56863e+23,1.07165e+22,5.52231e+44,1.78685e+31,-3.66395e+44
deer,8.66255e+09,1.98246e+19,4.14346e+23,1.68887e+22,1.27972e+45,3.67103e+31,-5.98576e+44
deer,8.51419e+09,1.9624e+19,3.96165e+23,2.07213e+22,1.70206e+45,8.43409e+31,7.92298e+44
deer,2.9711e+09,1.84384e+18,6.11186e+21,1.51648e+21,3.03551e+42,1.59212e+30,-3.4786e+42
deer,2.97076e+09,1.84299e+18,5.76282e+21,1.21863e+21,2.21709e+42,1.31834e+30,-2.3481e+42
deer,4.72125e+09,7.68215e+18,1.81237e+22,2.66488e+21,1.73773e+43,-4.62756e+30,6.40471e+42
deer,4.72113e+09,7.68259e+18,2.01715e+22,2.68871e+21,1.06504e+43,-6.61417e+30,1.66927e+43
device0,5.38331e+08,6.86017e+10,9.61199e+13,6.49567e+17,2.83643e+33,-1.60529e+21,-4.27772e+33
device0,2.90947e+09,1.75489e+11,1.32705e+16,1.74051e+19,3.64361e+36,6.7584e+24,-7.52964e+36
device0,2.90798e+09,2.53823e+11,1.60064e+16,1.69929e+19,-5.67673e+35,-3.07043e+24,8.84416e+36
device0,1.65882e+09,8.08889e+10,2.66692e+15,5.55892e+18,2.06375e+35,1.56159e+24,-6.44617e+35
device0,1.39804e+09,1.49298e+11,3.5339e+16,5.1422e+18,-1.47857e+36,1.62881e+24,1.6183e+36
device0,1.40277e+09,5.8251e+12,1.66967e+18,4.11494e+18,-1.07291e+37,9.25607e+24,1.10652e+36
device0,1.64574e+09,2.03899e+11,1.57937e+16,4.96169e+18,-2.27699e+35,2.23855e+24,1.37016e+36
device0,7.26227e+08,7.84776e+12,1.13257e+18,9.85401e+17,7.64949e+35,4.95829e+23,-7.06076e+35
device0,1.40041e+09,2.11957e+13,1.39688e+18,3.83493e+18,-8.47879e+36,1.59154e+25,2.62537e+36
device0,1.66843e+09,1.0079e+14,4.97941e+18,1.70721e+18,-3.93882e+36,6.97955e+24,3.04339e+36
device0,2.92391e+09,2.31273e+14,5.10426e+18,3.7763e+19,-2.44887e+38,-5.33749e+26,4.63576e+38
device0,2.92542e+09,6.45483e+14,1.70663e+19,1.42791e+19,-1.34584e+38,-3.3423e+26,-1.7769e+38
device0,7.0892e+08,2.98226e+09,5.17315e+14,9.17939e+17,-1.60452e+34,2.78725e+22,1.19448e+34
device0,1.1718e+09,2.12472e+10,6.33961e+15,2.60025e+18,2.55652e+35,7.29291e+22,-2.14707e+35
device0,6.83537e+08,1.3525e+10,1.88429e+14,9.8479e+17,8.86268e+33,3.6283e+22,-1.00705e+34
device1,1.78035e+09,1.77427e+14,6.38853e+18,5.12976e+18,-1.57406e+37,-6.37399e+25,2.47912e+37
device1,1.19622e+09,2.45368e+13,1.64689e+18,6.14018e+18,1.47221e+36,1.32292e+25,-1.947e+37
device1,2.2717e+09,2.44782e+14,4.86456e+20,1.00842e+19,-2.20546e+38,-6.54477e+25,-6.7098e+38
device1,1.38582e+09,5.62526e+14,2.18404e+19,2.12058e+18,-6.64365e+36,-4.84102e+25,1.28114e+37
device1,5.4492e+08,2.33639e+13,6.04822e+17,7.01106e+17,-4.06441e+35,-2.37731e+24,2.07953e+35
device1,1.38461e+09,6.98692e+14,1.12186e+19,1.93712e+18,-1.66829e+36,-5.11156e+25,8.87491e+36
device1,5.47453e+08,2.8895e+13,3.98736e+17,7.04485e+17,3.73047e+35,3.68857e+24,-1.5773e+34
device1,1.81435e+09,2.04417e+13,1.9584e+18,3.85433e+17,-2.61051e+35,-2.30412e+23,-2.09735e+35
device1,2.34512e+09,1.06315e+14,5.9652e+18,1.51709e+18,-1.0586e+36,4.36575e+24,-4.43937e+36
device1,2.74045e+09,1.75416e+14,6.47594e+20,7.39938e+18,4.32966e+38,2.63895e+25,-2.73668e+38
device1,1.72429e+09,4.87561e+14,2.42095e+19,1.20446e+19,1.58512e+38,2.37966e+26,-1.31057e+38
device1,1.02479e+09,3.15994e+13,1.08423e+18,3.9734e+17,-2.04981e+35,-1.92561e+23,-1.61241e+35
device1,1.7829e+09,5.90802e+13,2.45479e+17,4.19538e+17,-8.62364e+34,-3.06801e+24,1.03395e+35
device1,2.26218e+09,3.02922e+14,4.44436e+20,7.77907e+17,4.54563e+36,-4.25194e+24,-1.37314e+37
device1,1.20926e+09,1.78002e+13,5.51402e+18,4.38965e+18,-1.77066e+37,-5.73815e+24,-1.23643e+37
device2,1.34251e+09,4.40127e+13,7.22932e+18,9.42069e+18,-5.56758e+37,5.02321e+25,-5.42632e+37
device2,9.52027e+08,9.07214e+08,4.53607e+08,1.81266e+18,5.19772e+31,5.45972e+22,0
device2,1.27355e+09,5.57897e+14,6.74651e+15,6.1078e+18,-1.23589e+36,-1.16908e+26,9.88879e+34
device2,1.84245e+09,1.04435e+15,1.16167e+20,5.79539e+18,1.4604e+38,-5.77406e+25,3.58308e+37
device2,1.165e+09,8.68896e+11,1.80006e+18,5.39975e+18,-8.85107e+36,-9.27926e+23,1.432e+37
device2,1.91248e+09,1.01618e+12,8.00551e+15,1.11594e+19,-7.56601e+35,9.72538e+24,3.2485e+36
device2,1.34113e+09,4.92949e+11,5.47455e+17,4.49538e+18,-7.04763e+36,3.15104e+24,-2.53286e+35
device2,5.79663e+08,1.3227e+11,1.59111e+15,8.26217e+17,2.44194e+34,-2.45277e+22,-1.73517e+34
device2,1.85429e+09,1.62462e+15,1.2085e+20,1.80626e+18,2.63991e+37,-6.75902e+24,-3.90656e+36
device2,6.38437e+08,1.21525e+12,9.73533e+17,1.22513e+18,-7.49981e+35,-1.97856e+23,1.10803e+36
device2,1.28361e+09,3.25104e+14,2.80044e+17,4.25219e+18,-4.54854e+36,-5.86168e+25,9.17467e+35
device2,1.28094e+09,5.53474e+14,4.64349e+17,9.62573e+18,2.02558e+37,1.40501e+26,-1.95976e+36
device2,2.38088e+09,1.2611e+12,1.93067e+17,1.64458e+19,-2.9258e+37,1.32095e+25,-1.65357e+36
device2,2.39616e+09,2.93426e+13,1.96372e+18,3.09885e+19,-1.78747e+38,7.10838e+25,-1.62745e+38
device2,1.91684e+09,1.45252e+14,7.29559e+18,8.06078e+18,6.17722e+37,8.84242e+25,2.30921e+36
device3,3.05021e+09,4.42586e+15,6.59331e+19,5.74575e+17,3.3863e+36,5.09849e+24,-1.01968e+36
device3,3.57562e+09,4.56634e+15,2.45615e+17,2.89365e+19,-7.55061e+37,1.74707e+27,1.58064e+37
device3,2.48216e+09,6.33123e+14,2.0062e+19,6.30944e+19,7.59862e+38,1.25448e+27,2.11226e+39
device3,2.88374e+09,1.2934e+16,3.5752e+20,5.76021e+19,-4.66519e+39,5.86834e+27,6.82397e+39
device3,3.65799e+09,9.00316e+14,4.15173e+20,1.15498e+20,-8.55407e+39,3.1123e+27,2.38011e+40
device3,3.57155e+09,4.28381e+15,5.8261e+17,2.09626e+19,2.41364e+37,1.12455e+27,-6.91677e+37
device3,3.30127e+09,4.56312e+15,1.88456e+17,7.41727e+19,4.9138e+37,8.72974e+26,2.72925e+38
device3,3.31507e+09,3.52609e+15,1.08853e+20,4.78294e+19,-4.26856e+37,-2.40614e+27,-3.45087e+39
device3,3.58152e+09,5.55928e+15,1.45665e+20,2.11464e+19,9.81608e+38,1.57297e+27,-6.43322e+38
device3,2.47843e+09,5.22016e+14,1.57773e+19,6.62639e+19,1.12151e+39,7.97138e+26,1.82558e+39
device3,2.89728e+09,1.62326e+16,5.16749e+20,3.84842e+19,-4.62056e+39,7.74208e+26,-2.84665e+39
device3,5.12128e+09,7.44345e+15,4.22153e+20,1.64937e+19,6.10803e+38,-1.42196e+27,-1.23334e+39
device3,4.74472e+09,7.3174e+15,4.42593e+20,5.49668e+19,-3.4829e+39,2.17355e+27,-7.83407e+39
device3,2.45338e+09,1.497e+16,4.32904e+20,7.29022e+19,-1.22399e+40,3.28411e+27,-4.2328e+39
device3,1.99004e+09,5.46352e+14,9.42445e+18,3.3419e+19,3.72401e+38,7.01768e+26,-4.61595e+38
device4,7.14608e+08,4.13368e+15,4.77591e+21,2.66468e+18,-2.28855e+38,-1.24612e+26,-1.94906e+38
device4,1.26591e+09,3.04066e+14,8.76826e+21,1.35751e+19,-4.669e+39,-2.31022e+26,3.68152e+38
device4,2.98212e+08,2.4503e+14,1.06567e+21,1.86729e+17,7.60503e+35,2.8535e+24,2.5219e+36
device4,1.09694e+09,1.50657e+16,1.2468e+22,2.35526e+20,3.89171e+41,2.80452e+28,1.06975e+41
device4,1.27132e+09,7.81605e+14,1.77606e+22,4.26012e+19,1.96046e+39,1.03897e+27,3.70043e+40
device4,1.27347e+09,3.74876e+14,9.00784e+21,2.17858e+18,-5.33038e+36,-2.99195e+25,-3.05143e+38
device4,8.64551e+08,2.33559e+14,6.16407e+21,1.10932e+18,-2.93099e+37,4.69207e+24,8.69226e+37
device4,1.03033e+09,3.70587e+15,1.0429e+22,3.18535e+20,3.23683e+41,1.38489e+28,4.81971e+41
device4,1.28019e+09,1.91559e+15,8.79539e+21,2.98893e+19,-7.62522e+39,-1.20779e+27,-1.32933e+40
