category,a,b,c,d,e,f,g
apple,0.16384,2325.38,2.40787,0.584615,0.589992,-2.9332,0.364716
apple,0.163986,35725.3,3.19531,0.177062,0.12284,21.2196,0.0514568
apple,0.163862,13292.8,4.12487,0.308221,0.266344,21.5823,0.223252
apple,0.165848,18498,6.97261,0.326021,0.290438,13.7202,0.396567
apple,0.16217,5164.96,0.819136,0.0872677,-0.0119612,6.20239,0.0200332
apple,0.161976,1792.27,1.30693,0.202951,0.0874431,5.20124,0.0572601
apple,0.162578,14817.7,1.58064,0.272772,0.159485,-1.28534,0.0815123
apple,0.160043,583.105,0.405897,0.132881,0.00864451,1.69913,0.0296252
apple,0.168132,195911,10.3458,1.02292,3.24541,226.686,0.735455
apple,0.168197,114754,2.497,0.544675,0.0641563,-94.0665,0.63196
apple,0.167768,61458.8,9.94493,1.22044,2.79593,-34.4558,3.20325
apple,0.161442,15225.3,1.07447,0.0847893,-0.00911187,10.462,0.0239152
apple,0.163703,24174.4,3.30044,0.400757,0.374473,-6.62568,0.2687
apple,0.163732,8891.71,1.06604,0.105693,-0.0266963,-9.4638,0.0233659
apple,0.164125,20666.4,3.13953,0.213215,-0.159855,-22.9714,0.0698402
bat,0.566626,9.62578e+07,9839.72,1755.44,3.34389e+06,1.55278e+07,6.4843e+06
bat,0.325899,1.97378e+07,1717.38,164.661,-4710.02,-730111,-87436.2
bat,0.325902,1.97483e+07,1691.99,151.245,-15316.5,-662411,-74961.8
bat,0.328595,2.71534e+08,1414.45,123.695,-13218.3,-1.86932e+06,50022.5
bat,0.32859,2.71508e+08,1450.61,136.988,-7298.53,-1.96843e+06,60628.6
bat,0.32196,3.19176e+08,1891.44,153.37,-6990.15,-698172,-82308.8
bat,0.321899,1.47783e+07,1874.13,152.995,-684.123,-587925,-81922.2
bat,0.443963,1.58296e+08,2841.19,452.206,204892,-5.1179e+06,-469840
bat,0.444005,7.12843e+08,2813.53,434.583,173241,2.80574e+06,-448232
bat,0.310217,2.43798e+08,1169.96,96.0567,-7759.04,-1.3719e+06,31252.8
bat,0.310218,8.85792e+07,1200.31,100.276,-10687.5,485405,33106.5
bat,0.427659,1.77258e+07,3073.55,488.489,296412,-1.95637e+06,-520004
bat,0.427726,1.88302e+08,3077.5,485.53,286559,852484,-519742
bat,0.327694,780411,449.263,55.1197,2502.83,-48690.7,-8304.88
bat,0.327681,4.38028e+07,468.394,57.5015,1619.04,-95261.3,-9296.87
beetle,0.323664,1.15428e+07,25.8847,23.6048,-540.43,75548.5,219.957
beetle,0.34673,4132.78,5.62103,2.4913,6.10157,-124.34,7.04883
beetle,0.346777,7.85313e+06,4.15777,1.6351,3.93341,4406.19,1.64442
beetle,0.4191,243.042,30.4571,12.6152,247.104,-30.0427,-9.32233
beetle,0.214108,3932.16,5.54967,0.00310173,0.000406845,-0.174777,-9.19162e-06
beetle,0.369648,1.29142e+08,486.31,200.403,-62496,2.25153e+06,-2882.52
beetle,0.369568,50.3304,162.278,62.6586,-5964.5,-68.441,-2084.64
beetle,0.222296,1.60688,20.0914,1.99282,12.179,0.524091,3.26766
beetle,0.205054,6745.85,7.52763,2.33524,-9.67019,46.4342,1.53332
beetle,0.23798,73999.2,10.4201,1.91816,8.57529,37.9294,0.0690754
beetle,0.244453,932.082,14.394,0.594455,0.605622,-13.2577,1.63
beetle,0.244537,883595,14.2187,0.428801,1.05485,390.616,-0.0912855
beetle,0.248715,1944.9,1.37376,6.86428,-11.4329,-24.0704,-17.7089
beetle,0.248748,1.0663e+06,1.28378,6.56251,-13.5413,6634.67,-13.3963
beetle,0.345488,1.32513e+07,45.6005,36.4631,-1272.3,121283,769.39
bell,0.193964,1.0943e+06,117.974,6.41902,148.003,-2215.17,96.4252
bell,0.197286,7.09614,103.709,5.94932,147.385,-0.211721,10.7716
bell,0.189682,448.881,16.8337,1.17004,4.78597,8.54542,2.01463
bell,0.189665,371.79,16.767,1.14523,4.50543,-5.37825,2.2104
bell,0.194038,642.347,8.54004,0.84812,2.00224,9.691,1.09589
bell,0.184638,1.12197e+06,34.5643,0.386261,0.91396,215.508,1.07545
bell,0.208574,18473.1,60.4755,7.12249,146.841,120.281,16.9979
bell,0.18392,406.558,3.90182,0.168755,-0.0744242,3.40265,0.114946
bell,0.18678,19257.6,28.7289,0.973023,3.08321,-72.5894,4.11823
bell,0.193971,550.022,8.45174,0.80123,1.86952,-4.15746,0.923131
bell,0.196904,41038.2,60.2724,2.62788,32.4557,-54.6473,-6.35778
bell,0.198219,2341.21,20.2737,1.5221,7.89398,20.6148,3.02951
bell,0.19817,2277.75,20.3468,1.49744,7.83659,-15.3336,2.62829
bell,0.199174,71142.3,44.4792,2.56317,26.4789,-60.8292,-6.91937
bell,0.199213,70670.1,44.705,2.66015,20.2741,-323.948,20.7486
bird,0.273134,8.2661e+06,407.174,33.6621,-3398.55,-90717.8,1995.24
bird,0.293168,1.06596e+07,321.582,37.5168,-1248.31,-106314,-3927.21
bird,0.298667,1.01493e+07,316.612,34.8724,-1066,-98432.6,-3505.77
bird,0.294637,8.79215e+06,315.256,35.1349,190.611,-66292.4,-3692.85
bird,0.31243,1.1705e+07,394.374,48.9688,-754.941,-140600,-6763.07
bird,0.244394,3.65424e+06,327.763,16.979,1254.31,-24890.4,-176.254
bird,0.331965,2.1841e+08,699.719,101.61,23255.4,50972.1,13901.5
bird,0.253535,1.24542e+07,111.832,6.55202,163.847,-166.456,-67.8911
bird,0.251345,1.95194e+08,114.563,7.73185,101.122,98364.5,206.707
bird,0.251553,4.72032e+07,117.255,7.95791,160.897,-2589.27,182.22
bird,0.228919,5.88125e+07,219.715,18.4436,-416.978,28658.2,1097.54
bird,0.228901,2.92582,219.37,16.0707,-189.691,24.8701,935.156
bird,0.298047,4.68584e+07,307.455,19.1701,-1278.65,-118965,728.72
bird,0.298009,620020,305.639,18.9384,-1240.41,-8687.43,733.103
bird,0.275835,1.39623e+07,372.476,30.0306,-2794.97,-65015.6,1508.56
Bone,0.860026,5.61165e+08,1918.1,1417.68,2.33751e+06,3.11532e+07,-34375.2
Bone,0.662859,4.42113e+08,55.9799,28.7745,1150.56,509810,-99.4809
Bone,0.971782,5.58943e+08,1389.74,870.331,952771,1.59681e+07,-91746.6
Bone,0.932638,3.2416e+08,1506.7,973.291,1.1775e+06,1.55417e+07,-51614.4
Bone,1.06006,6.17474e+08,3016.11,1098.75,1.78622e+06,1.04916e+07,-900126
Bone,0.935723,5.9292e+08,879.471,640.854,481081,1.44621e+07,-5761.66
Bone,1.03701,3.56584e+08,638.726,523.869,302946,9.05365e+06,7279.07
Bone,0.844687,5.49134e+08,239.176,140.703,25802.1,3.13906e+06,696.665
Bone,0.944288,5.7217e+08,655.843,425.659,224842,9.35898e+06,-5182.77
Bone,0.961482,6.0372e+08,431.458,313.666,115240,6.83527e+06,-5890.39
Bone,0.970832,5.81084e+08,259.658,193.019,43199,4.40098e+06,1041.4
Bone,0.943073,6.41047e+08,627.719,422.549,217605,1.00123e+07,-2497.19
Bone,0.898963,5.65064e+08,1219.12,493.217,341917,4.44095e+06,-171363
Bone,0.932809,5.60716e+08,1627.38,780.688,833164,1.7243e+07,283126
Bone,0.950224,5.46411e+08,613.797,386.419,187982,8.13565e+06,-8869.32
bottle,0.343563,223901,33.1471,21.3503,566.671,1875.04,38.4218
bottle,0.353848,346692,34.8302,21.6855,594.51,2629.03,41.8578
bottle,0.377985,65274.9,53.7658,36.637,1625.53,2234.79,40.887
bottle,0.338471,316325,22.8605,14.5817,265.027,1869.08,25.2752
bottle,0.347421,221597,24.2043,15.6282,303.899,1998.76,5.91056
bottle,0.347029,47947.7,36.9978,25.0721,761.401,1672.39,58.0838
bottle,0.38452,144829,46.5033,30.3494,1137.45,4760.55,78.6667
bottle,0.336146,119688,40.9568,26.4236,866.396,3583.61,70.5733
bottle,0.372338,177661,20.2353,13.0522,210.974,252.685,22.0214
bottle,0.345892,151816,23.5723,14.5283,267.457,379.853,27.4135
bottle,0.387499,65624.3,34.7542,24.7874,727.323,1532.79,17.3426
bottle,0.375308,187121,25.4346,18.5463,402.566,1117.03,13.9634
bottle,0.415726,106578,76.8314,55.2285,3595.28,5742.3,129.335
bottle,0.319532,178414,30.2963,15.9651,351.05,1126.6,6.8879
bottle,0.400684,98808.7,49.4559,33.7767,1378.36,3954.73,76.7114
brick,0.312383,49397.2,0.547295,0.76192,0.443488,-1.77986,-0.213056
brick,0.297506,116082,0.693437,0.72837,0.491556,32.1727,-0.16226
brick,0.25153,122682,0.445137,0.445319,0.196472,27.2807,-0.0266303
brick,0.298952,156657,0.445346,0.0568335,0.00798215,21.4124,0.00424732
brick,0.249062,98329,0.21768,0.0377219,0.00142717,-7.79239,-0.00310603
brick,0.274554,263128,0.0530455,0.194092,0.000211236,27.4433,-0.0196929
brick,0.295228,94536.2,0.421562,0.170016,0.0446905,-50.5244,-0.00862951
brick,0.258508,218975,0.0862472,0.0661354,0.00261478,-24.6067,-0.00425577
brick,0.254843,176098,0.559935,0.582725,0.323282,-82.1516,-0.0792823
brick,0.296194,124976,1.32063,0.199962,0.0359496,69.9903,0.0962631
brick,0.250506,49964.8,0.0658558,0.111868,0.00487841,-8.84442,-0.00827022
brick,0.272564,182755,0.117203,0.40998,0.0873773,-32.5159,0.0210195
brick,0.248286,73403.5,0.0796443,0.035583,0.000679855,-7.78196,-0.00176806
brick,0.301544,216824,1.69672,0.33484,0.244769,66.362,0.0615265
brick,0.243215,207264,3.17016,0.717197,1.0444,206.42,0.280586
butterfly,0.282698,1.78785e+07,230.908,56.1399,4800.67,208669,-4220.12
butterfly,0.253814,3.80138e+07,440.254,33.7803,-4107.76,-105625,311.172
butterfly,0.253804,1.15292e+08,422.775,29.8832,-3258.22,-311839,816.147
butterfly,0.20763,3.19849e+06,55.6191,6.19707,-109.831,-2090.64,-34.2617
butterfly,0.207628,1.2031e+07,55.2726,5.948,-107.49,-17903.7,-8.78319
butterfly,0.298631,1.98243e+08,691.11,37.5247,-6034.82,-495972,313.381
butterfly,0.286312,1.77784e+08,433.299,38.642,-4958.52,-514701,643.97
butterfly,0.298628,5.02524e+07,671.617,33.3526,-4991.38,-113147,64.0096
butterfly,0.225343,6.99308e+07,457.181,33.2982,-3957.01,-276064,-1105.07
butterfly,0.225352,4.22951e+06,468.513,37.7631,-4929.04,-7605.49,-966.972
butterfly,0.206663,1.73344e+07,95.3769,10.0692,-310.708,-41858.2,-28.8517
butterfly,0.206634,1.49145e+06,92.8334,9.12645,-242.428,-6207.75,108.616
butterfly,0.267744,4.87965e+06,128.921,9.74001,-158.242,3364.06,-306.731
butterfly,0.267781,6.83061e+06,142.222,11.9723,-382.449,-29841.8,-312.725
butterfly,0.286294,437478,415.839,35.2414,-4146.09,-4783.17,1005.26
camel,0.220221,2.41424e+07,17.5116,0.664577,-2.21123,-3008.48,-0.500469
camel,0.216186,7.55552e+06,9.77767,9.94808,51.1411,11239.9,-83.7302
camel,0.253474,9.15633e+06,95.5926,5.94923,-108.97,-10303.4,90.8506
camel,0.225705,9.53704e+06,32.3252,11.0235,165.912,-21529.1,-125.597
camel,0.233473,9.05948e+06,25.3063,2.21321,16.5368,6661.48,-0.938409
camel,0.216206,1.98168e+07,24.5095,1.00151,-1.99478,1364.61,4.54333
camel,0.20197,797205,17.1274,2.85122,19.5358,-1521.27,-3.91755
camel,0.246428,5.2218e+06,29.0566,6.22076,-68.8106,-12622.6,-47.5384
camel,0.215023,790488,0.58193,16.728,-28.1596,1115.28,-43.9432
camel,0.235264,6.03394e+06,41.1233,9.44755,90.2581,-17845.3,162.883
camel,0.2741,2.11691e+07,160.444,39.0217,2807.47,175535,1285.06
camel,0.221501,2.91273e+06,24.7553,1.57377,-5.65162,-2253.72,8.03439
camel,0.214191,3.72955e+06,41.1396,1.63695,3.87928,-63.6373,-12.861
camel,0.219408,5.95842e+06,59.4818,0.673376,3.62318,1643.68,-2.24372
camel,0.193549,2.85445e+06,31.0416,1.44191,-9.40487,-1216.45,2.14658
car,0.234048,137409,6.94397,0.54541,0.530728,201.702,-0.919212
car,0.237277,203870,8.48838,0.549987,0.470247,248.205,-1.09134
car,0.230362,235295,7.22125,1.02503,2.77859,341.337,-0.237847
car,0.241975,250266,6.17474,0.204012,-0.189677,48.7998,-0.128271
car,0.241849,362761,11.2723,0.821282,-0.221927,449.698,-2.489
car,0.237339,89853.7,4.00548,0.723593,1.2002,74.6619,0.277584
car,0.250501,251159,9.28418,0.437976,-0.305309,180.694,-0.828727
car,0.259629,42234.3,6.62741,0.673742,1.10256,121.83,-0.900679
car,0.259408,116154,13.1049,2.10378,9.4042,647.55,-5.79495
car,0.241692,99105.3,6.11472,0.378692,-0.10376,105.637,-0.566841
car,0.24495,80179.8,5.43619,0.440728,0.348755,123.445,-0.586302
car,0.250608,79891.8,8.27563,0.927319,1.9657,239.103,-1.65384
car,0.246064,41939.6,5.97348,0.344128,0.32512,66.9856,-0.371127
car,0.236294,98012.4,4.02766,0.204628,0.0256698,63.3712,-0.183987
car,0.238307,87309.9,5.79764,0.52344,0.886199,107.72,-0.214785
carriage,0.390508,222781,45.562,26.0964,887.485,5100.27,148.679
carriage,0.468072,678558,58.9198,41.1839,2011.79,12888.2,261.521
carriage,0.376422,417177,40.7812,25.4956,814.302,6476.84,113.028
carriage,0.385678,431209,28.5169,19.7244,466.533,1865.67,34.348
carriage,0.429434,389626,12.5412,8.81177,90.7715,2834.33,18.4763
carriage,0.378929,260785,16.6368,11.6601,161.339,1701.23,18.539
carriage,0.426563,391434,37.2253,31.4342,1071.91,4643.4,85.0259
carriage,0.393669,342135,19.0631,13.6928,220.844,2556.35,12.9892
carriage,0.377625,239972,12.0657,8.86242,90.5626,3120.61,14.0381
carriage,0.422018,214493,20.7995,19.611,393.3,3226.77,46.7855
carriage,0.408937,141287,26.4455,28.8978,794.15,3241.51,86.6851
carriage,0.407241,140604,6.55853,5.02059,28.8079,-85.1676,0.306059
carriage,0.411082,260960,9.12641,5.85436,42.169,1446.25,7.27909
carriage,0.405015,211066,41.2627,26.9036,890.323,4353.38,104.06
carriage,0.428581,203256,42.0838,33.9554,1278.79,4411.38,110.642
cattle,0.240558,1.78227e+07,90.8886,3.31208,33.8984,2193.11,-46.4022
cattle,0.249909,5.22658e+07,115.409,2.74202,46.8097,19077.9,-13.7174
cattle,0.249896,2.3893e+08,116.629,2.79832,47.0266,1647.72,-18.5509
cattle,0.259564,7.18748e+06,123.325,17.6793,808.125,9346.25,-168.548
cattle,0.259571,1.28318e+08,121.567,16.8872,742.362,191289,-185.321
cattle,0.261517,8.75851e+07,63.2186,0.373789,1.79933,-2659.01,-0.252996
cattle,0.261505,1.49918e+07,61.5626,0.534657,2.82026,1356.71,-1.20629
cattle,0.297928,1.62008e+08,84.369,17.0533,499.551,-108665,410.927
cattle,0.297965,9.64117e+08,95.6979,15.6006,568.32,288873,200.902
cattle,0.23268,1.70731e+07,63.3992,6.08188,99.9711,11154.9,65.3323
cattle,0.232694,1.56349e+08,65.2604,7.43096,136.17,75778.9,90.7526
cattle,0.286316,1.27318e+07,51.5516,0.287495,0.967189,96.6494,0.53809
cattle,0.286334,9.82627e+07,51.2291,0.274419,1.02733,-2297.96,0.0571641
cattle,0.25644,1.34407e+07,68.1022,3.44288,-22.496,-9435.06,-47.6778
cattle,0.256434,7.75398e+07,73.3123,4.95534,-4.32965,31759.2,-94.3499
cellular_phone,0.26043,544294,10.5732,3.12492,15.8229,2046.85,8.50183
cellular_phone,0.264599,247006,7.36086,1.9012,5.84594,902.523,4.0508
cellular_phone,0.215803,194032,5.6274,0.529759,-0.551549,-199.115,-0.729686
cellular_phone,0.260485,218797,4.07567,0.973569,1.64169,449.595,1.03238
cellular_phone,0.267775,190116,6.46578,0.862651,-0.415266,313.905,1.99457
cellular_phone,0.24903,527272,17.3485,3.31979,10.2208,2370.82,23.0277
cellular_phone,0.264252,166367,4.18281,0.665906,0.414945,268.365,1.03099
cellular_phone,0.269956,174588,2.21516,0.170537,-0.0295276,46.3752,-0.100571
cellular_phone,0.348878,2.60189e+06,8.5201,1.71296,2.87727,2706.65,5.8775
cellular_phone,0.275647,658506,13.3582,2.50943,4.1424,1973.16,13.926
cellular_phone,0.284594,212352,12.8476,1.96044,-1.64353,728.911,9.70052
cellular_phone,0.236488,357175,7.10516,1.21631,1.23569,722.536,3.35531
cellular_phone,0.237507,313810,7.60067,1.34202,1.66658,733.603,3.94886
cellular_phone,0.269947,348902,12.0865,2.91459,9.70061,1718.46,14.3229
cellular_phone,0.272897,246235,12.0396,1.8114,-1.19493,756.527,8.37437
chicken,0.24029,574493,50.4826,4.57526,-16.1868,706.917,67.6232
chicken,0.231645,172872,104.897,0.491834,0.733936,-203.972,-3.45564
chicken,0.239332,255325,244.858,5.91114,-177.006,630.106,138.72
chicken,0.211457,1.86748e+06,101.79,3.63837,11.2,-3841.28,-69.117
chicken,0.193749,31124.3,14.0356,1.54082,5.11072,270.396,-5.0224
chicken,0.22179,2.61991e+06,337.742,8.37179,-412.132,2675.94,168.28
chicken,0.221777,2.6198e+06,335.746,8.19998,-427.043,-1947.56,-52.4652
chicken,0.215721,1.03681e+06,115.249,2.92543,-46.3425,1506.15,-27.1622
chicken,0.21576,4.59109e+06,114.282,2.53177,-34.2361,-4906.34,-26.1247
chicken,0.229019,2.00192e+06,194.492,3.69277,39.2596,5214.39,-90.8442
chicken,0.229066,258595,191.629,3.85346,-46.3825,-1436.45,-93.8818
chicken,0.213838,58444.3,21.5129,1.34093,1.79846,96.4553,-6.97391
chicken,0.213678,57822,22.6166,1.30158,-5.82158,-159.444,-3.99739
chicken,0.237398,206023,28.866,1.95292,-1.40479,241.807,14.5955
chicken,0.237492,206626,30.289,2.66041,15.7767,912.283,17.9285
children,0.327492,68592.6,2.0593,1.11315,1.61968,155.505,-0.465863
children,0.334999,44016.4,0.868438,0.458529,0.237845,34.1584,-0.164778
children,0.333974,41870.4,1.66352,0.822924,0.876666,-7.48835,-0.39814
children,0.346798,77832.2,4.53075,3.45717,13.5312,219.241,-2.02921
children,0.341852,79382.8,1.88118,1.12123,1.6055,56.3445,-0.271963
children,0.330686,78259.6,2.19078,1.31251,2.14829,180.592,-0.581644
children,0.336976,83267.1,1.85567,1.05719,1.47843,10.0345,-0.0827456
children,0.328715,73940.6,2.00354,1.20214,1.82872,143.226,-0.36944
children,0.325878,67281.9,1.47708,0.735887,0.758071,71.7489,-0.118122
children,0.324487,65194.5,2.7031,1.01859,1.36416,222.224,-0.997889
children,0.323769,63682,2.32812,0.847834,0.987838,176.013,-0.665605
children,0.324535,68227.7,2.69009,1.05227,1.51524,224.043,-0.915626
children,0.3246,70389.3,2.64133,1.07377,1.5401,232.304,-0.947719
children,0.324563,71415.2,2.89964,1.24743,2.02748,272.479,-1.23199
children,0.326115,72465.6,1.84877,1.03542,1.41815,109.311,-0.202831
chopper,0.208888,152336,14.0982,6.55127,57.6893,822.463,-25.2191
chopper,0.239789,443203,29.2846,16.4164,357.089,2600.03,-45.2472
chopper,0.244615,726645,38.1133,20.3496,557.461,5450.37,-102.056
chopper,0.237784,592293,40.5974,22.9362,691.785,5385.82,-106.228
chopper,0.24098,630472,37.7693,18.4548,484.058,4266.12,-55.5021
chopper,0.236157,957131,40.6108,18.5968,493.068,5713.8,-134.445
chopper,0.258086,1.24704e+06,76.218,42.0614,2379.19,15233,-105.343
chopper,0.194383,258081,11.717,1.18611,3.34313,122.779,-2.89405
chopper,0.201417,180467,9.028,2.09693,7.0449,228.753,-5.79759
chopper,0.191854,164418,6.73887,1.16462,1.36053,269.677,-2.96542
chopper,0.194036,153783,9.64067,1.38193,3.17516,217.986,-3.91935
chopper,0.197622,281763,7.71529,1.39135,2.58297,308.634,-3.75622
chopper,0.201208,290069,12.9342,2.96612,16.7916,296.055,-7.45438
chopper,0.198161,242490,9.23645,1.68071,4.55931,286.72,-4.80253
chopper,0.203692,334929,13.0154,4.15572,28.1606,782.914,-11.8779
classic,0.233299,7.47148e+06,6.44569,1.46885,4.49996,3185.99,-0.420749
classic,0.291138,359260,113.349,10.3705,-168.964,4725.12,-312.844
classic,0.291115,358045,118.008,13.3005,24.6458,7588.91,526.359
classic,0.299497,4.42281e+06,70.6501,21.1463,776.735,31935.2,-254.454
classic,0.29948,4.4164e+06,80.9898,29.1275,1382.47,39443.5,300.353
classic,0.265677,1.89119e+07,168.88,45.5045,3676.48,146482,1547.93
classic,0.265683,1.89186e+07,156.539,36.8315,2461.13,127068,-1328.23
classic,0.284398,1.10985e+06,57.0839,12.7808,299.895,11032.5,-170.992
classic,0.284403,1.10577e+06,64.7309,18.5317,604.888,14010.8,214.648
classic,0.267233,8.64713e+07,249.961,58.3291,5769,474455,-4040.29
classic,0.267234,8.64702e+07,264.695,68.8664,8077.26,534212,4605.3
classic,0.24017,7.63399e+06,4.46066,0.82696,1.58826,1498.29,-0.00676462
classic,0.240151,7.62317e+06,6.70798,2.3202,9.0561,3439.62,-1.33147
classic,0.298648,1.96557e+07,372.687,116.977,22794.7,358858,-8771.8
classic,0.29865,1.96535e+07,395.288,134.712,29548.5,391492,9655.18
Comma,0.216016,1.01665e+07,2.26302,0.585865,-0.148395,1624.85,0.658067
Comma,0.319881,1.63868e+06,42.035,71.7074,3929.73,59989.3,-237.095
Comma,0.226154,1.63403e+07,40.9942,13.9082,272.131,55316,190.356
Comma,0.224813,1.73302e+07,31.0864,7.41584,59.9084,30855.3,95.3363
Comma,0.229631,2.5696e+07,24.7996,8.43113,112.92,42737.2,45.9563
Comma,0.2302,2.02308e+07,28.8559,9.4591,128.926,42434.7,88.3189
Comma,0.225477,2.53045e+07,24.6973,5.17234,45.6593,23844.3,36.5067
Comma,0.247802,3.89689e+07,43.4734,3.80294,-21.0077,1027.27,44.1553
Comma,0.256943,1.4169e+07,75.3894,40.388,2037.69,141296,902.493
Comma,0.220469,9.64186e+06,63.7715,10.6859,116.796,31099.6,253.325
Comma,0.231345,3.07512e+07,10.5147,2.13482,7.34914,10210.3,6.94923
Comma,0.277967,3.08912e+07,34.2585,16.4389,369.81,63160.3,124.221
Comma,0.218844,1.40354e+07,25.8548,10.6141,167.31,38211.7,54.0709
Comma,0.233343,3.8613e+06,75.947,43.9918,1957.17,54086.1,1623.38
Comma,0.210029,1.73391e+07,27.304,6.97979,70.4316,28831,65.7553
crown,0.237773,561.502,4.53051,0.64892,-1.09722,1.81294,-0.18472
crown,0.217376,1131.22,5.37793,1.20184,-2.76154,16.9786,-1.30755
crown,0.23705,1626.79,16.3198,4.56917,-38.5981,-29.4299,8.18331
crown,0.251936,3550.94,27.575,9.21971,-141.836,100.218,-38.6431
crown,0.234098,6.52967,1.63109,0.502712,-0.397249,-0.560454,-0.222294
crown,0.186851,2.88886e+07,47.9338,6.94463,-117.44,-35890.3,47.5619
crown,0.207142,2293.33,5.22108,0.646635,-0.138268,25.485,-1.18007
crown,0.203828,152.412,0.55082,0.276537,0.00760595,-3.28306,-0.10766
crown,0.231591,3813.88,17.9579,5.02458,-38.0333,154.607,-28.8353
crown,0.199521,19.0525,0.755415,0.165736,0.00328371,0.668287,-0.0585513
crown,0.214256,1421.33,4.20495,0.997053,0.193287,35.0357,-2.03237
crown,0.234119,665.048,11.3403,3.88817,-24.8689,-27.7799,-6.93762
crown,0.250254,99.3679,2.45923,0.766309,-0.781193,-4.79874,-0.704549
crown,0.219403,8.17228,0.586867,0.376183,0.144849,-0.952622,-0.101294
crown,0.206206,117.532,0.89829,0.18814,0.0245262,1.99687,-0.0733527
cup,0.176951,512749,19.6842,3.20121,21.8043,1980.1,-13.0505
cup,0.176167,56179.8,17.7754,1.29657,6.21211,156.347,-0.392635
cup,0.185127,74993.8,11.5642,0.23939,0.278098,24.9571,-0.285147
cup,0.182068,51707,12.0907,1.26813,4.43564,54.0641,2.23218
cup,0.178686,274876,37.9399,3.79789,45.4493,981.025,3.56782
cup,0.176112,63041.9,31.427,3.32506,33.606,297.172,5.09479
cup,0.185451,265578,26.4425,1.00875,1.85328,448.786,-4.86912
cup,0.185089,127011,47.092,1.43285,8.24502,-116.628,8.39948
cup,0.173278,12292.2,14.7006,0.965935,3.25618,28.159,1.62669
cup,0.181442,738306,22.3347,4.65288,45.4407,2915.25,13.5996
cup,0.174078,99532.8,10.9719,1.71568,7.41319,289.739,-0.674107
cup,0.180965,4818.06,9.44816,0.381015,0.547269,15.4764,0.472336
cup,0.181899,24254.3,15.1394,1.08955,4.33046,48.8304,0.91045
cup,0.192994,22102.8,15.355,0.528694,-1.47606,77.9,-0.300678
cup,0.179977,5222.03,22.947,0.380482,-0.384246,22.1137,1.05655
deer,0.31202,1.87494e+08,307.979,3.12115,-37.216,20132.3,-89.3253
deer,0.33348,2.70012e+08,494.582,43.4962,4776,307479,4229.61
deer,0.334483,3.85753e+07,481.354,49.1818,6691.17,-215738,3534.36
deer,0.271244,3.88072e+08,53.0186,87.6523,5901.29,1.3871e+06,-937.521
deer,0.271259,2.03905e+08,50.025,78.8294,4844.82,-503222,-1016.18
deer,0.344424,7.0591e+08,651.454,30.5367,4213.73,683695,-891.518
deer,0.35737,7.41439e+08,651.551,46.5958,6817.59,1.26476e+06,4408.65
deer,0.344572,7.27914e+08,582.98,21.7091,2396.86,477299,-468.698
deer,0.344575,7.27841e+08,589.398,17.6995,1506.38,298919,-999.455
deer,0.34442,1.88406e+07,655.011,26.6982,3198.05,-91172.2,-1495.86
deer,0.361297,7.57377e+08,713.376,37.3129,5518.98,1.02172e+06,2569.05
deer,0.322344,1.94782e+08,71.9416,17.8502,420.576,215693,-481.967
deer,0.322308,26244.4,67.833,14.3442,307.183,1426.67,-325.334
deer,0.310681,4.45706e+08,78.4805,11.5396,325.844,-78003.6,120.096
deer,0.310673,4.4575e+08,87.348,11.6428,199.707,-165900,313.008
device0,0.208013,0.254264,1.43515e-05,0.096986,6.32326e-05,0.0486213,-9.53635e-05
device0,0.202111,12.156,6.40381e-05,0.08399,8.48463e-05,0.276899,-0.000175337
device0,0.202638,3.35914,7.77239e-05,0.082514,-1.3385e-05,-0.150697,0.000208534
device0,0.246172,11.9829,5.87342e-05,0.122425,0.000100097,0.415429,-0.000312654
device0,0.224395,20.7057,0.00091042,0.132476,-0.000981336,0.586637,0.00107408
device0,0.224222,874.689,0.0426591,0.105135,-0.00700368,2.53135,0.000722312
device0,0.204092,25.2816,0.000242894,0.0763067,-5.38552e-05,0.383526,0.000324068
device0,0.222546,1889.01,0.106356,0.0925355,0.00674563,-1.19215,-0.00622646
device0,0.224457,3176.79,0.035885,0.0985174,-0.00559558,4.22801,0.00173261
device0,0.245984,11888.4,0.108237,0.0371095,-0.00186107,3.12631,0.00143798
device0,0.201941,5546.7,0.0243473,0.180129,-0.0055719,-11.3474,0.0105477
device0,0.201753,41108.3,0.0811715,0.0679147,-0.00304454,-10.7095,-0.00401967
device0,0.223235,0.211463,5.12964e-05,0.0910218,-0.000157764,0.0416672,0.000117447
device0,0.218763,0.242084,0.000220955,0.0906265,0.000310549,0.0445201,-0.000260811
device0,0.201548,0.285816,1.63826e-05,0.0856205,6.69935e-05,0.0457141,-7.61234e-05
device1,0.176798,76.4168,0.0630012,0.0505877,-0.0015308,-0.186216,0.00241097
device1,0.171589,42.932,0.0338861,0.126339,0.000623282,-0.701027,-0.00824292
device1,0.190892,1.33997,3.43494,0.0712065,-0.0109964,-0.0753117,-0.0334551
device1,0.270209,963.929,0.83032,0.0806192,-0.00960228,-0.902029,0.0185167
device1,0.190717,328.586,0.0740866,0.0858806,-0.00609846,-1.30592,0.00312024
device1,0.27017,379.043,0.427124,0.0737516,-0.00241824,-0.159917,0.0128645
device1,0.19017,191.09,0.0481147,0.0850087,0.00543183,0.421575,-0.000229667
device1,0.164708,1.15295,0.0161394,0.00317641,-1.77297e-05,-0.00339107,-1.42444e-05
device1,0.167564,12.0356,0.0304548,0.0077454,-2.75927e-05,-0.0254822,-0.000115714
device1,0.175799,11.9866,2.66497,0.0304499,0.0073322,0.102407,-0.00463452
device1,0.229341,35.656,0.428281,0.213076,0.0496077,0.595233,-0.0410154
device1,0.173958,5.6181,0.0312422,0.0114493,-0.000170196,0.0269456,-0.000133879
device1,0.176908,465.359,0.00241687,0.00413057,-8.35924e-06,0.00244037,1.00225e-05
device1,0.190942,5.95574,3.16635,0.00554215,0.000230725,-0.0129068,-0.000696973
device1,0.171687,1.71648,0.111148,0.088484,-0.00719455,0.109231,-0.00502389
device2,0.210325,3252.75,0.177436,0.23122,-0.0335392,1.57702,-0.0326883
device2,0.262349,0.25,3.44461e-11,0.13765,2.99732e-07,0.0688249,0
device2,0.229927,30.5083,0.000219901,0.199082,-0.00131304,0.62798,0.00010506
device2,0.197972,19001.6,1.34121,0.0669106,0.019467,-9.16691,0.0047762
device2,0.212178,156.786,0.0597088,0.179112,-0.00973862,-0.199571,0.015756
device2,0.16418,48.9164,5.89979e-05,0.0822408,-4.10924e-05,0.180783,0.000176432
device2,0.211132,17.7088,0.013568,0.111412,-0.00432889,0.24719,-0.000155577
device2,0.17497,20.994,0.00014497,0.0752785,0.000202717,0.216299,-0.000144045
device2,0.19752,31585.6,1.37124,0.0204949,0.00339877,-3.42351,-0.000502952
device2,0.311446,583.868,0.231675,0.291549,-0.0424723,-0.16743,0.0627489
device2,0.228912,4549.96,0.00890623,0.135232,-0.00460051,3.69026,0.00092795
device2,0.229433,301.012,0.0148969,0.308806,0.0208475,-4.0114,-0.00201701
device2,0.170234,78.4176,0.000987025,0.0840764,-0.000764686,0.308768,-4.32177e-05
device2,0.170712,532.362,0.0099672,0.157287,-0.00460494,3.61384,-0.00419269
device2,0.16425,1441.25,0.0535672,0.0591856,0.0033302,-0.179104,0.000124492
device3,0.166259,4135.87,0.19589,0.00170709,2.98913e-05,-0.105948,-9.00082e-06
device3,0.163671,1055.78,0.000514634,0.0606302,-0.000331489,-0.757267,6.93938e-05
device3,0.172761,13631.3,0.097186,0.305648,0.0178318,33.859,0.0495687
device3,0.195288,812951,1.6396,0.264165,-0.098117,233.932,0.14352
device3,0.167994,8165.72,0.875652,0.243599,-0.0380519,17.4592,0.105877
device3,0.163651,14.4923,0.00122322,0.0440118,0.000106396,0.0972704,-0.000304898
device3,0.166703,37.4029,0.000480548,0.189135,0.000319501,1.1416,0.00177459
device3,0.166677,12456.9,0.275172,0.12091,-0.000272781,3.88239,-0.0220526
device3,0.163643,15455.8,0.304098,0.0441463,0.00427812,0.985669,-0.00280378
device3,0.172676,4836.18,0.0765857,0.321656,0.0264261,22.0025,0.0430161
device3,0.194955,1.07786e+06,2.33973,0.174248,-0.0947251,48.8956,-0.0583585
device3,0.162027,13465.8,0.422561,0.0165097,0.000611984,-0.529179,-0.00123572
device3,0.163792,9725.17,0.527432,0.0655032,-0.00494612,6.20269,-0.0111253
device3,0.200406,1.21835e+06,2.88855,0.48644,-0.544947,227.52,-0.188454
device3,0.181434,8707.58,0.0783378,0.277785,0.0257301,20.0788,-0.0318928
device4,0.205448,510590,394.753,0.220249,-1.5635,-156.599,-1.33157
device4,0.176322,24934.6,170.108,0.263361,-1.75729,-36.956,0.138563
device4,0.262053,167766,822.91,0.144192,0.45348,44.8794,1.50378
device4,0.199002,14285.2,410.346,7.75165,421.55,-159.064,115.875
device4,0.22502,32350.2,556.41,1.33462,1.92412,203.989,36.3185
device4,0.176437,25968.3,172.911,0.0418193,-0.00196411,-0.0210034,-0.112437
device4,0.192444,36.9301,305.418,0.0549645,-0.0719561,-0.318338,0.213396
device4,0.201103,1292.07,397.305,12.135,469.768,318.309,699.494
device4,0.177177,14793.1,168.468,0.572505,-2.79755,10.8044,-4.87708
device4,0.193448,182645,289.614,1.59904,-27.2213,259.29,-21.0503
device4,0.239218,11239.6,735.744,0.450093,2.15009,-8.54741,-7.90339
device4,0.215326,83759.3,549.155,10.1767,757.448,-129.199,71.0728
device4,0.238006,1.0983e+06,754.976,0.0675055,0.403516,38.499,0.26348
device4,0.211548,50470.6,566.11,8.14826,552.245,272.415,35.9151
device4,0.206841,593607,448.995,0.295612,1.6816,226.924,-2.96157
device5,0.249176,4917.75,5.50961,0.789063,1.54198,19.2007,0.573659
device5,0.275556,146.204,0.507114,0.144512,0.0323019,0.235406,0.0220688
device5,0.254239,251352,0.210383,0.142726,-0.00559024,2.38993,-0.0240921
device5,0.391303,1460.85,0.57266,0.897487,0.459211,23.8967,-0.450675
device5,0.237075,33.5429,1.39522,0.895274,0.875754,5.14646,-0.483977
device5,0.274864,2931.88,0.0376076,0.180481,-0.00414984,8.89838,-0.0142783
device5,0.226386,62.3427,0.00167526,0.0211849,-5.01335e-05,0.00547335,0.000115821
device5,0.237178,12029.3,1.53146,1.0568,1.15752,71.9513,0.683855
device5,0.387111,40.6559,0.816412,1.35662,-0.165763,5.96204,-1.41806
device5,0.250375,299128,2.84886,0.3269,0.173,100.629,0.263803
device5,0.27453,34839.5,0.955531,0.661151,-0.0345953,-52.621,0.52436
device5,0.226261,3.00469,0.900305,0.556691,0.272524,0.859265,0.284697
device5,0.251374,615.617,1.20981,0.340366,0.203154,7.0928,0.080204
device5,0.353613,365.327,3.01144,2.82557,8.18513,16.7317,-0.968558
device5,0.226549,810930,5.78602,0.240052,-0.252851,-194.321,-0.126902
device6,0.181,25975.4,2.4528,0.149388,-0.0883027,22.1694,0.019493
device6,0.177771,152136,0.875937,0.207252,0.0699182,9.03952,0.0539368
device6,0.192047,504097,0.15911,0.563154,-0.141502,-296.257,0.0916216
device6,0.181886,2913.35,0.15007,0.194871,0.00340538,3.39828,0.0331503
device6,0.506402,13161.8,0.771017,10.2863,-28.7589,1151.87,3.47699
device6,0.177708,180140,0.781746,0.220003,0.0598469,20.3139,0.068867
device6,0.161885,95.5548,0.00159046,0.0444717,0.0003124,0.0194727,0.00020565
device6,0.506362,587.607,3.0149,8.94059,-42.4284,-180.212,18.827
device6,0.181781,845.52,0.0833047,0.133692,-0.0134893,2.57839,0.00413515
device6,0.191349,404779,0.211421,0.290374,-0.0564448,-98.813,0.0446133
device6,0.177109,271010,0.729378,0.407131,0.0303989,170.278,0.219766
device6,0.161894,17535.1,0.000858391,0.0767008,0.000208261,-4.11562,0.000586482
device6,0.468558,38261.8,5.26942,15.25,-13.25,2723.83,136.062
device6,0.195248,912.881,0.0510667,0.054777,-0.00129307,0.207257,-0.00259254
device6,0.190412,138523,0.123502,0.321509,-0.0465139,-100.873,0.0440552
device7,0.199374,43.1752,0.0536301,0.0804978,0.00522544,-0.521545,-0.000818028
device7,0.198998,0.34345,4.94725e-05,0.0823458,-0.000122349,0.0482263,-0.000112494
device7,0.199493,1.81797,7.96852e-05,0.0834454,-0.000149439,0.112399,-0.000154817
device7,0.184922,0.430375,4.92083e-05,0.0728916,-7.8975e-05,0.0477121,0.000113228
device7,0.185902,0.357423,0.00053347,0.074844,0.000204916,0.0447436,-0.000426222
device7,0.23833,146.091,0.00101858,0.131549,-0.000294035,1.48712,0.00149409
device7,0.242482,244.234,0.00543136,0.149226,0.00412189,1.92201,-0.00102882
device7,0.197414,101.793,5.54303e-05,0.106703,7.87243e-05,1.0753,0.000247271
device7,0.19863,71.485,1.82288e-05,0.0972939,-0.000125466,0.822598,-3.23561e-05
device7,0.199218,208.569,3.83232e-05,0.101332,-0.000151792,1.4621,0.000129745
device7,0.184729,81.8184,0.000279496,0.0937597,-0.000267746,0.842807,0.000398348
device7,0.185675,62.6293,0.000740667,0.0918745,0.000368247,0.726035,-0.000662409
device7,0.282363,287.282,0.000434907,0.186598,-0.00093517,2.0285,-0.00139682
device7,0.277631,361.254,0.000192566,0.192962,0.000304921,2.39727,-0.00113603
device7,0.197693,966.261,0.0939119,0.0749426,-0.00227,1.3722,0.00586304
device8,0.382642,843459,3132.77,23.6919,-6393.02,2262.83,-888.764
device8,0.235603,248748,1004.18,4.56265,274.087,-658.817,142.331
device8,0.271739,149173,1431.53,17.1887,2557.33,-1310.29,-854.433
device8,0.283319,60237.8,1705.4,9.58437,971.079,-972.155,-747.317
device8,0.341469,62808.3,2857.66,42.0963,14585.1,567.285,-672.764
device8,0.235828,255519,1010.73,5.23952,327.273,-866.316,195.638
device8,0.269172,10253.7,1454.27,14.8592,2182.53,48.5715,-88.4425
device8,0.269155,2.47669e+06,1389.18,15.7562,1201.78,18433.1,1997.4
device8,0.236367,602346,975.715,5.97295,-229.875,4631.42,393.795
device8,0.342247,534003,2738.61,47.8275,-1826.4,33187.3,17212.8
device8,0.283003,3.47469e+06,1608.96,11.6273,575.859,18071.8,1482.43
device8,0.27162,4.19991e+06,1350.56,20.5078,1966.91,30922.9,2789.22
device8,0.344893,463662,2352.23,4.67289,-480.121,442.889,-97.4515
device8,0.320103,203063,1882.62,10.6156,-1378.27,1254.61,-593.749
device8,0.470739,399473,4219,13.3802,-3178.65,37.0674,-51.587
device9,0.17344,5447.49,0.00578785,0.184653,0.00376076,13.2185,0.004722
device9,0.16238,842498,0.0776668,0.0570527,0.00332638,47.3521,-0.00183261
device9,0.166368,2.94888e+06,0.319696,0.178362,0.0425258,291.747,0.0023635
device9,0.176871,3.74064e+06,0.0854961,0.350101,0.0500435,-263.734,-0.0341242
device9,0.180157,3.93625e+06,0.158018,0.396041,0.0197364,-199.011,-0.0970891
device9,0.160009,26.2624,0.00313223,0.153125,0.00279988,0.781258,-0.00184569
device9,0.159194,28.6959,9.09087e-05,0.178475,0.000458321,0.951416,0.000553862
device9,0.185496,4.18094e+06,0.139172,0.44465,0.0180888,-182.399,-0.109123
device9,0.159239,6258.77,0.00434174,0.0603311,-0.00094513,-0.4088,-0.000245263
device9,0.168404,36.9166,0.0180346,0.0438922,-0.00123474,-0.0553629,2.04926e-05
device9,0.177248,33.5331,0.00835643,0.133576,0.00333265,0.702586,0.00296809
device9,0.182742,22685.1,0.0669211,0.0786381,-0.00550712,-7.80271,-0.00148825
device9,0.166537,768049,0.0755701,0.288765,0.0296325,234.736,-0.0306845
device9,0.159339,748.67,0.0354755,0.0619143,0.00289711,1.16729,0.000162995
device9,0.17718,15665.8,0.0819413,0.0729942,0.00563532,8.56062,0.00033495
dog,0.298161,7.71715e+06,50.7773,1.12786,8.09267,-39.3354,2.71285
dog,0.308693,593.018,26.848,1.11734,-1.60371,-26.7334,5.90593
dog,0.352751,4245.65,28.6664,1.42841,-8.22316,24.0528,3.99082
dog,0.287826,1.29519e+06,83.1439,2.6156,-7.01196,-2961.43,-37.9293
dog,0.53747,2.45605e+07,3122.42,141.804,-13631.1,-677041,-93368.5
dog,0.25912,8.72191e+06,217.383,4.09121,98.0774,11793.8,-72.5738
dog,0.273341,7.08111e+06,36.3427,0.544562,0.550425,-1021.84,2.35923
dog,0.354743,8.31899e+06,28.26,2.05123,-9.88108,-5400.37,12.0941
dog,0.626968,2.40682e+07,4098.56,100.583,18599.4,-396079,-61844.4
dog,0.306988,5.60666e+06,57.6405,2.41814,-6.61543,-5646.41,-27.7715
dog,0.327904,7.02405e+06,53.9861,6.77607,107.605,9045.63,72.2324
dog,0.643544,4.99228e+07,3208.99,102.423,19943.3,-577010,55228.9
dog,0.592495,4.50293e+07,3037.52,155.421,42713.2,-834088,-97873.9
dog,0.276786,5.55138e+06,47.7733,2.25791,-22.8021,-4453.22,-5.47654
dog,0.278312,4.81264e+06,33.107,4.18693,-7.49502,-9118.5,-48.7219
elephant,0.179281,649003,2.89884,1.31513,-1.9209,311.472,1.70406
elephant,0.201202,7.23487e+06,19.2402,1.23019,3.53789,-2010.09,-4.82733
elephant,0.24579,4.95081e+06,85.9108,13.6463,240.115,29650.7,-400.833
elephant,0.216528,2.65852e+06,37.8526,8.34589,105.79,11730.5,103.986
elephant,0.228847,5.32069e+06,71.9597,10.9457,187.859,23487,-243.056
elephant,0.188586,5.11489e+07,26.8364,13.7276,-123.597,-78311.5,232.696
elephant,0.193894,359332,8.76054,2.95369,-9.78741,-121.382,11.3998
elephant,0.193492,5.94365e+07,11.1017,18.4543,144.77,-140522,-220.939
elephant,0.189155,288633,10.7593,4.59177,-21.2201,161.084,-24.3179
elephant,0.219581,1.91356e+07,178.004,99.8307,1449.88,424121,13228.7
elephant,0.192788,9.2342e+06,79.8505,28.7032,137.543,-74097.5,1367.25
elephant,0.196363,2.23754e+07,37.6219,20.6769,-164.255,-90042.4,-552.813
elephant,0.191141,1.45389e+07,33.5735,20.6094,102.735,50938.1,532.297
elephant,0.203196,3.39082e+07,46.6842,19.9665,-473.335,-111373,-384.129
elephant,0.2053,3.47546e+07,0.43595,31.8994,67.279,-188039,98.104
face,0.187544,51676.9,6.53575,0.428879,0.624904,42.3459,-0.353664
face,0.187673,6252.75,11.8908,0.696048,1.90378,12.66,-0.620859
face,0.188931,29389.8,10.2223,0.684122,1.79353,-17.4948,0.237199
face,0.188588,2438.56,14.992,1.33587,5.77689,-11.5248,-1.53861
face,0.186631,16511.5,16.3725,1.77304,7.32363,132.882,-6.13371
face,0.187316,2235.04,5.68057,0.263447,0.150573,10.1142,-0.284943
face,0.189021,55383.7,5.00433,0.325655,0.310973,41.6801,-0.275908
face,0.189007,1530.5,8.07024,0.661758,1.16425,15.726,-0.991598
face,0.188134,1008.48,8.48626,0.785127,0.835546,21.4079,-1.84634
face,0.187439,1021.17,7.71074,0.633755,1.17615,10.9812,-0.761186
face,0.183249,5339.14,5.96139,0.502175,0.536343,28.3397,-0.683578
face,0.181697,796.083,6.50709,0.280722,0.120633,-6.80005,-0.359722
face,0.181004,1460.46,6.33501,0.266806,0.231466,-7.0684,-0.258346
face,0.184412,1640.97,4.79129,0.313217,0.152301,10.6343,-0.352181
face,0.187938,50694.5,6.52262,0.446457,0.600477,51.7155,-0.468906
fish,0.402263,21739.5,0.402072,0.043835,0.0054582,-6.32677,0.00201846
fish,0.309714,98923.4,16.2703,6.94458,73.5826,275.455,5.89963
fish,0.325604,70577.3,35.3425,19.5255,512.136,584.454,28.3919
fish,0.307997,47252.9,1.49446,0.208306,-0.105385,10.26,-0.0490105
fish,0.350781,21601.6,6.05847,3.32964,14.8446,-50.0991,1.81174
fish,0.294602,1.68267e+08,8.90693,0.983417,-0.485289,-9244.7,2.86978
fish,0.359005,33788.5,4.46847,1.94512,5.44289,-221.686,1.80556
fish,0.342537,246396,0.769944,0.109026,-0.0285645,1.26536,-0.0134864
fish,0.326774,110460,15.1699,1.54701,-7.48867,-83.3908,0.290208
fish,0.353957,200009,19.9267,12.5736,197.514,-881.03,24.4757
fish,0.3419,43929.8,38.8493,23.0429,684.684,-378.009,80.8613
fish,1.48381,21158.2,152.511,107.72,13764.2,-5090.59,1084.49
fish,0.377444,4.17622e+06,38.3959,9.66219,143.766,-15034.2,118.179
fish,0.299863,195183,34.6201,16.1007,379.992,2537.6,-10.2333
fish,0.340959,104687,1.47193,0.380197,0.284346,92.8002,-0.00637547
flatfish,0.208374,310314,26.237,10.8031,181.808,-746.192,-5.04134
flatfish,0.240314,264873,123.765,68.778,6342.74,174.679,190.826
flatfish,0.225224,4399.67,21.6159,6.97289,85.4848,202.898,-4.56134
flatfish,0.233512,99897.2,61.7838,29.3345,1248.02,616.089,45.1624
flatfish,0.224612,876244,72.4357,25.3901,1088.86,-5801.01,-3.11708
flatfish,0.204463,5.55473e+07,29.7734,16.3683,360.962,55161.9,-16.6085
flatfish,0.214715,202487,49.0437,23.3577,790.351,2662.84,-18.2097
flatfish,0.236034,106854,46.8105,26.9559,957.19,-1334.81,25.4427
flatfish,0.200894,724929,27.9148,11.5336,206.141,1930.83,18.2626
flatfish,0.225538,59091.4,39.8639,19.9661,561.728,114.235,41.8664
flatfish,0.227703,3994.08,29.7137,12.96,254.217,275.587,7.27594
flatfish,0.228154,185240,62.8736,30.0968,1309.12,786.387,-16.662
flatfish,0.217894,45435.9,36.5077,17.8363,454.849,922.924,-16.4055
flatfish,0.201811,257054,24.3747,10.795,175.065,555.491,-3.85605
flatfish,0.194579,517846,46.4201,14.4657,374.133,869.096,23.2617
fly,0.222752,513425,148.438,0.0100334,-0.00931927,7.04947,-0.00794242
fly,0.273237,267602,125.898,1.57888,21.8564,-671.903,-4.22156
fly,0.263995,12257.8,111.854,2.48857,39.2752,-220.27,-13.465
fly,0.245774,3449.83,1.94249,0.743145,-0.452937,24.9522,0.769461
fly,0.290119,11269.6,68.4499,4.09279,-37.1716,302.722,57.5419
fly,0.282112,4883.36,70.1151,0.0522863,0.0794286,2.12627,-0.0609392
fly,0.282073,5082.66,69.9789,0.142193,0.236992,-3.52376,-0.380816
fly,0.296056,83360,117.373,4.37639,81.354,-346.673,56.7431
fly,0.296048,82943.4,126.408,4.76199,116.821,-867.858,-1.74649
fly,0.231948,2.43354e+06,123.401,0.0817803,0.088471,23.9314,0.244268
fly,0.231962,2.4373e+06,121.957,0.372958,0.324485,535.487,2.49431
fly,0.302469,359335,364.486,2.0293,-21.2961,517.805,-50.9159
fly,0.302453,357435,367.973,0.705114,-7.82427,265.737,8.233
fly,0.27424,198027,151.704,0.686792,-5.58908,291.568,4.23161
fly,0.2743,199058,149.8,1.71623,-6.47036,555.575,-26.7466
fork,0.806093,1.28092e+07,5090.73,1771.95,5.2563e+06,3.36824e+06,832959
fork,0.472914,577592,1785.42,698.544,779548,-3919.24,-29873.8
fork,1.09489,5284.79,5879.44,4309.05,2.16874e+07,12041.9,-270396
fork,0.96496,1032.9,8302.47,5318.23,3.5336e+07,9604.94,-457080
fork,0.71998,8444.76,1735.19,167.985,89391.2,-1356.56,15319.6
fork,0.64535,1.12855e+07,2218.77,689.989,853557,305441,17054.2
fork,0.860779,2.31332e+06,3994.52,2073.12,5.96581e+06,371679,-6721.58
fork,0.656903,7.85019e+06,3597.12,1832.96,4.69754e+06,545839,-291582
fork,0.80786,1.40492e+07,2031.83,455.054,435326,441556,-44157.5
fork,0.672667,2.26654e+07,2116.12,1110.76,1.70121e+06,1.86255e+06,76960
fork,0.933297,1.41958e+06,10422.6,3595.95,2.19519e+07,248428,-1.65788e+06
fork,0.542651,361839,1386.77,341.454,234354,2237.08,-16919.3
fork,0.422383,688039,20.074,13.0481,-123.499,-2552.98,171.295
fork,0.558257,727046,1462.39,606.334,570693,78859.9,-17173.7
fork,0.826589,2.80169e+07,4971.52,1175.02,2.83588e+06,3.25049e+06,152095
fountain,0.216074,16809.8,36.6583,0.909784,4.25874,48.7472,3.07704
fountain,0.212458,5400.56,37.8232,0.644573,-0.79189,-44.3731,3.08254
fountain,0.218822,9974.97,44.5037,0.584815,2.53504,-21.58,-1.57316
fountain,0.21806,811.82,34.7693,0.770223,-0.23208,18.8769,3.9791
fountain,0.218986,3999.2,50.0447,0.36633,1.19698,-10.6339,1.01364
fountain,0.208811,2019.77,45.8387,1.54368,12.9849,-1.97999,0.0997831
fountain,0.211099,79.4325,34.0498,0.585528,2.58475,-0.454011,-0.392862
fountain,0.210459,8564.53,47.1545,0.859006,0.011762,67.6899,5.46707
fountain,0.219535,804.062,61.8967,1.66748,11.3878,-25.2641,12.5418
fountain,0.213668,209.687,40.5842,1.30991,3.96045,13.0448,8.69097
fountain,0.21279,9863.34,38.0733,0.776615,4.19976,-5.00273,-0.442319
fountain,0.213759,3045.22,42.8962,1.05269,3.02549,-37.0867,6.39429
fountain,0.204775,51.3274,29.4324,0.902212,2.36037,3.9759,4.00543
fountain,0.213238,17609.2,46.1683,0.735507,4.28557,-4.11421,0.0607012
fountain,0.209756,986.971,37.5673,0.80792,4.40475,1.3008,-0.639977
frog,0.192923,5.40651e+06,74.5078,6.99255,157.421,7301.29,26.3281
frog,0.201402,3.07527e+06,28.3102,3.40481,8.74336,5415.41,32.2643
frog,0.201362,3.07431e+06,27.8698,2.18473,8.61253,3729.46,-14.7121
frog,0.20549,1.4967e+06,21.7249,2.37589,-2.25916,1928.38,-16.9193
frog,0.183916,2.10961e+06,10.1136,0.235353,0.352408,248.512,-0.0874882
frog,0.193991,5.91909e+06,85.5183,6.29327,135.889,4631.34,53.3785
frog,0.200843,1.29852e+07,106.377,7.83297,185.984,23653.4,-128.585
frog,0.184629,2.28764e+06,8.5311,0.350733,0.205876,-75.5839,0.570692
frog,0.184594,2.29218e+06,7.65556,0.552228,1.04627,690.709,0.441084
frog,0.213914,2.34484e+06,4.21133,0.524432,-0.20778,681.793,-0.751163
frog,0.213956,2.34488e+06,3.96509,1.33323,-1.44213,1438.72,2.70496
frog,0.199842,1.56061e+07,92.0333,10.5896,289.462,35283.1,159.692
frog,0.199826,1.56027e+07,92.1489,9.21115,259.818,26582.5,-67.1646
frog,0.207099,1.63572e+06,6.3991,1.29178,2.42944,1606.99,-2.80922
frog,0.207117,1.63695e+06,6.76336,2.31912,3.66628,2613.56,8.42125
Glas,0.333887,2.92694e+06,534.996,281.021,108719,28058.8,7301.29
Glas,0.311344,3.44456e+06,300.436,74.4565,10979.5,-3695.71,1860.56
Glas,0.363778,1.92417e+06,1044.94,475.888,335194,31111.4,16185
Glas,0.367221,1.18318e+06,964.041,158.336,60639.1,-4731.03,12234.6
Glas,0.406402,1.74231e+06,1136.93,61.9311,14564,-19029.9,7612.43
Glas,0.325467,2.94688e+06,872.789,273.829,133102,10143.4,14286.2
Glas,0.344963,6.83411e+06,902.241,214.234,94160.7,21229.3,2260.78
Glas,0.312877,1.0104e+06,628.487,165.643,53229.4,-2992,4798.29
Glas,0.329687,1.67692e+06,806.545,268.189,124434,5131.25,8609.24
Glas,0.350675,2.52875e+06,1004.57,203.982,90846.9,-10326.1,16522.6
Glas,0.297794,2.30049e+06,883.084,238.195,108822,18791.2,9598.38
Glas,0.345373,6.13561e+06,846.785,292.278,145395,116429,1766.96
Glas,0.331015,1.90525e+06,931.473,314.884,168804,91728,-24226
Glas,0.271939,2.75404e+06,494.921,114.992,27066.4,-5395.31,4468.43
Glas,0.290581,5.39889e+06,350.498,61.6702,8759.37,-9149.03,2341.15
guitar,0.362339,2.324e+08,2947.05,1968.78,4.74226e+06,1.88467e+07,-21170.3
guitar,0.625699,2.18375e+07,2641.52,2080.6,4.87748e+06,6.23423e+06,39445.6
guitar,0.38065,1.0622e+08,2559.25,1920.66,4.25823e+06,1.4379e+07,-14018.3
guitar,0.348643,590.367,147.174,96.3432,11449.1,357.718,727.706
guitar,0.410466,1.75012e+08,2901.7,2124.3,5.27265e+06,2.26865e+07,-123657
guitar,0.409159,2.69591e+07,1167.81,838.429,829612,1.85173e+06,-5900.42
guitar,0.4023,57852,1006.63,702.085,590195,10696.1,6060.45
guitar,0.352322,2.2007e+07,777.61,526.856,337222,2.00554e+06,-1252.13
guitar,0.843835,6.92796e+08,10795.7,4747.86,3.39775e+07,9.15274e+07,982255
guitar,0.31869,4.1068e+07,548.233,277.953,108500,1.35666e+06,800.866
guitar,0.416322,3.06054e+07,1188.37,853.884,860111,3.79847e+06,8039.38
guitar,0.359253,2.2356e+08,2151.13,1486.84,2.65861e+06,2.20507e+07,48890.6
guitar,0.290341,1.5959e+08,1371.22,754.111,766775,9.4815e+06,10240.4
guitar,0.486941,7.34282e+07,1716.28,1309.85,1.96387e+06,8.15156e+06,16708.1
guitar,0.350736,3.02032e+07,473.975,282.407,103316,1.29269e+06,1042.2
hammer,0.41425,12618.6,366.953,141.788,32252.6,-89.7987,-2398.39
hammer,0.572127,19486.2,840.277,329.631,172615,4119.22,-17318.3
hammer,0.572116,19932.2,843.347,328.276,172647,586.553,5297.85
hammer,0.572127,19486.2,840.277,329.631,172615,4119.22,17318.3
hammer,0.572041,19787.6,919.646,389.863,232456,4641.54,-21435.4
hammer,0.892552,2.83593e+08,13186.7,8168.85,8.47493e+07,4.17418e+07,-2.39166e+06
hammer,0.954033,127524,1717.7,1076.09,1.46261e+06,-9525.09,34379
hammer,0.954033,127524,1717.7,1076.09,1.46261e+06,-9525.09,-34379
hammer,0.954196,127688,1941.9,1266.36,1.98546e+06,-8525.99,40185.3
hammer,0.569636,10946.2,712.951,330.16,160088,-417.929,-5522.48
hammer,0.569695,11107.1,721.676,330.311,161231,-2961.06,3559.94
hammer,0.569725,10802,799.685,391.55,219070,-3107.07,-3537.2
hammer,0.569695,11107.1,721.676,330.311,161231,-2961.06,-3559.94
hammer,0.414205,12551.1,340.125,116.388,23148.1,-1421.72,-636.186
hammer,0.414127,12513,334.566,116.387,22901.7,-124.566,1724.6
hat,0.216852,4169.48,14.7501,0.859077,-1.39928,-39.1358,2.71914
hat,0.201532,43224.5,20.3664,1.18388,-4.06612,-144.016,4.15454
hat,0.194616,2904.2,31.0897,1.31227,-2.5263,53.6912,7.99216
hat,0.218537,319.223,13.8487,0.7487,-1.75228,6.09697,1.65577
hat,0.174935,5755.01,15.4677,0.260208,0.478613,-4.54765,0.20843
hat,0.184673,240700,24.5766,0.117306,-0.196893,-4.41915,-0.0300892
hat,0.174018,1007.59,10.35,0.119319,0.036604,-3.63954,0.127446
hat,0.191911,3670.53,10.7809,0.281051,-0.487643,1.68778,0.0392671
hat,0.174089,63.6935,4.35987,0.192966,0.0431817,1.15008,0.171646
hat,0.183742,41.9024,2.29628,0.121684,0.0466032,0.787575,0.0443347
hat,0.188513,1.04529,1.67689,0.104434,0.00979793,0.100491,0.0425911
hat,0.169175,94.0963,0.366496,0.0919483,0.0151976,-0.329055,0.00734432
hat,0.19414,12233.3,115.22,10.1998,-345.262,134.799,55.3009
hat,0.201164,40008,64.4734,4.23009,-41.0688,533.671,-56.5107
hat,0.191024,44804.7,38.1456,0.985538,3.25956,208.595,5.08818
HCircle,0.193806,3010.53,43.2178,1.8767,-16.8719,8.68194,-0.997681
HCircle,0.197348,13424.6,65.4432,4.06075,-49.1042,225.047,-44.3945
HCircle,0.197464,223137,62.3762,3.33215,-48.0243,-115.65,-1.19618
HCircle,0.200127,24861.1,52.6413,2.83357,-9.96343,326.995,-33.1418
HCircle,0.197615,135648,53.9923,2.69573,-32.5164,-85.2205,0.615262
HCircle,0.188876,41779.8,48.0551,2.32322,-24.0615,48.3248,-4.86029
HCircle,0.196721,1.04411e+06,58.8157,4.87828,5.11127,-4898.84,-82.4734
HCircle,0.179427,41424.5,55.0536,1.71114,-7.10482,234.511,-15.0117
HCircle,0.204802,40245.4,38.64,2.41455,-22.5578,67.9718,-5.92297
HCircle,0.202097,3.31523e+06,47.081,4.19092,48.677,6324.41,33.1075
HCircle,0.197109,4.40176e+06,53.5439,7.59152,138.513,13226.9,-65.1152
HCircle,0.198478,1.41565e+06,119.831,11.3429,386.516,12726.6,-159.638
HCircle,0.186285,1588.03,47.3848,2.16296,-7.11017,56.9712,-20.711
HCircle,0.19202,322167,68.1982,3.52577,7.59195,1834.96,-54.1426
HCircle,0.212076,698526,30.769,2.62517,16.7526,2073.6,-16.6134
Heart,0.195221,1.01285e+07,254.231,16.7965,611.893,52792.7,911.207
Heart,0.207244,3.41502e+06,138.857,5.18087,-130.678,1841.41,47.2546
Heart,0.194723,7.88398e+06,187.219,9.80855,13.66,24622.5,420.1
Heart,0.195758,7.82029e+06,183.273,8.36428,-196.839,-17534.3,-261.728
Heart,0.203834,4.70242e+06,199.193,16.4132,-836.828,9937.44,424.818
Heart,0.188449,4.07726e+06,142.661,7.86108,-234.583,4650.77,119.473
Heart,0.218086,4.07161e+06,308.581,31.8766,-241.367,49354,3152.27
Heart,0.188478,4.80904e+06,69.4338,4.6462,-60.2444,5444.02,57.7469
Heart,0.181746,3.82e+06,119.891,5.03423,-109.467,3033.37,57.5605
Heart,0.178343,3.6791e+06,104.209,3.0428,-46.9711,1978.64,27.0095
Heart,0.202524,4.436e+06,61.6017,6.81225,-128.445,3964.99,54.5563
Heart,0.188872,4.64513e+06,143.5,7.77355,-220.075,5706.92,137.748
Heart,0.187163,3.18804e+06,135.973,7.48015,-73.3763,10115.7,226.992
Heart,0.182057,203403,84.9054,4.81853,-97.3742,-255.133,4.1552
Heart,0.178113,3.05393e+06,40.5568,2.86581,-22.5576,2623.23,21.1121
horse,0.339172,3.1299e+07,90.5701,4.14462,-19.4785,23186.8,-77.9026
horse,0.33647,3.19838e+08,875.884,0.536823,11.1274,4729.24,-3.41791
horse,0.347489,1.06959e+07,398.063,2.70582,67.3497,-4365.59,-57.878
horse,0.347518,2.53406e+07,399.034,2.73273,62.5503,10013.9,-65.0443
horse,0.326373,3.64736e+08,693.769,30.3165,2862.7,501250,-3337.03
horse,0.324866,3.65365e+08,637.054,30.4094,3013.48,513877,-2972.08
horse,0.350246,1.41857e+07,140.306,4.61826,-89.273,-2492.4,-76.4882
horse,0.324868,2.78426e+08,639.734,34.0177,3434.59,362359,-3658.81
horse,0.343332,8.73347e+06,205.112,33.7762,2754.82,-5500.91,560.867
horse,0.343413,3.35586e+07,219.133,40.9445,3815.49,234949,695.447
horse,0.28255,7.96506e+06,98.2682,2.06938,-2.83505,-618.183,-29.3733
horse,0.32762,1.98665e+08,601.196,1.51231,-18.2773,-20650.5,41.7772
horse,0.36015,2.98882e+07,1459.32,229.316,129646,-213346,28097
horse,0.360126,4.75801e+08,1486.18,238.817,137672,5.20681e+06,35903.8
horse,0.33922,1.34982e+07,93.4731,2.09643,-0.443799,2677.19,-29.3437
horseshoe,0.268923,0.271039,2.50668,1.14438,-1.58356,-0.275435,1.11761
horseshoe,0.457485,4030.14,43.7817,34.1061,-1162.85,447.358,-620.268
horseshoe,0.290851,1405.34,0.668091,2.15617,-2.23463,-18.6599,-1.30517
horseshoe,0.540623,1040.18,11.5999,0.0315847,0.0190335,0.956494,-0.00179616
horseshoe,0.469626,2288.33,0.242983,3.42453,2.83638,85.5273,-1.30895
horseshoe,0.475492,457649,255.422,213.488,-47221.7,32600.9,15980.9
horseshoe,0.393049,50.2792,11.6883,28.7727,-486.376,-30.1068,204.58
horseshoe,0.457581,4149.39,41.9957,24.4763,-784.589,-230.184,14.8116
horseshoe,0.571843,5443.41,94.5315,90.9836,-8278.89,696.142,1630.27
horseshoe,0.378291,93.786,10.1355,11.5172,-113.994,24.2583,49.8949
horseshoe,0.540616,1038.65,11.2418,1.8705,-6.75663,60.2569,5.28391
horseshoe,0.285269,15.2288,8.51029,2.38586,-9.90612,2.89667,4.17698
horseshoe,0.295192,337.402,1.98401,0.722742,-0.445048,-7.3695,0.742261
horseshoe,0.348321,11.6529,4.1042,1.88298,-3.83984,-2.9932,3.55762
horseshoe,0.290918,1382.17,0.728535,0.936731,-0.359065,26.1896,0.685486
jar,0.164343,13164,5.53408,0.345342,0.421422,28.8145,-0.224342
jar,0.171146,9965.92,10.1748,0.0470631,-0.0298861,4.40117,0.0129405
jar,0.171138,10193.2,10.7838,0.0283259,0.000126969,-2.85337,-0.0156548
jar,0.171145,10354.8,10.9301,0.297383,-0.0338824,18.7784,-0.535078
jar,0.171146,9965.92,10.1748,0.0470631,-0.0298861,4.40117,-0.0129405
jar,0.186216,236584,0.319502,0.204458,-0.00327443,76.8941,0.052154
jar,0.186202,236418,0.504593,0.169561,0.0495973,-35.2822,6.67719e-06
jar,0.186214,236463,0.296326,0.013003,0.00048337,5.62204,-0.000646397
jar,0.186202,236418,0.504593,0.169561,0.0495973,-35.2822,-6.67719e-06
jar,0.183401,267.004,4.65169,0.149365,-0.000255174,2.15366,-0.124502
jar,0.183388,302.418,4.67877,0.116617,0.0688374,-0.933822,-0.0517847
jar,0.183388,302.418,4.67877,0.116617,0.0688374,-0.933822,0.0517847
jar,0.183387,289.845,5.87263,0.623436,1.15911,-2.12348,-0.281898
jar,0.164338,13212,5.38743,0.29621,0.15246,-9.76518,0.34172
jar,0.164346,13093,5.58033,0.787996,0.941385,-15.7274,-1.35802
key,0.31194,1034.53,477.062,228.028,75204,194.822,-858.685
key,0.319785,546832,344.08,165.813,39593.8,9640.02,-974.522
key,0.341918,1.19692e+06,479.044,246.895,84855.4,41567.1,-3027.66
key,0.297207,237736,512.908,235.942,82069.8,11652.8,-1181.16
key,0.318047,78842.2,428.534,220.904,67939.4,3334.35,-1935.11
key,0.329185,1120.71,714.137,310.659,146111,797.032,-7897.94
key,0.261286,14175.3,215.694,98.9973,14459.8,13.4576,-428.795
key,0.265187,27969.2,248.679,112.487,18813.6,862.036,15.4523
key,0.335699,16658.2,535.662,259.574,96791,175.409,314.154
key,0.272724,12495.8,151.303,98.9338,12092.4,1052.82,-537.847
key,0.312777,29376.1,688.139,380.509,194688,3319.01,-2841.3
key,0.33062,6784.98,446.534,215.943,67004.3,-486.266,-2622.67
key,0.33479,5452.81,799.646,358.787,191995,-847.451,-8375.79
key,0.343463,580573,424.503,214.979,64788.3,40256.8,-4481.07
key,0.390062,25842.2,637.508,367.918,177944,-3737.74,-9253.29
lizzard,0.416049,4.38705e+07,185.151,190.718,-7864.77,-1.23147e+06,34965.1
lizzard,0.423204,4.68076e+07,3.63265,13.3137,76.2523,81964.4,-52.5194
lizzard,0.536595,7.70355e+08,1039.63,360.668,218576,9.74608e+06,31620
lizzard,0.536657,7.70576e+08,961.451,331.729,183476,9.02464e+06,-37871.7
lizzard,0.533184,3.04275e+08,977.061,357.264,206620,-2.1889e+06,43157.3
lizzard,0.373638,2.23673e+07,62.516,129.842,-11121.3,-513950,-3628.18
lizzard,0.373627,2.23643e+07,58.6534,123.953,-9352.02,-442127,4923.73
lizzard,0.373669,1.15e+07,58.1605,120.756,-9277.7,-301098,4041.89
lizzard,0.305982,3.58797e+06,5.13442,19.4028,-159.832,25759.9,-109.354
lizzard,0.305991,3.58482e+06,7.24736,23.066,-180.898,38211.4,237.098
lizzard,0.306058,2.10543e+07,4.74433,17.8213,-135.791,-63569.8,-91.7265
lizzard,0.383074,1.05876e+08,58.7296,47.2088,1789.9,-39877.3,-1724.93
lizzard,0.410246,3.38067e+07,123.997,118.07,11533.3,-423281,-8430.75
lizzard,0.384658,1.33847e+07,29.2869,45.2729,826.747,-135616,1426.22
lizzard,0.266531,7.22881e+06,156.129,70.8316,7434.64,50012.4,457.997
lmfish,0.324473,3.76157e+06,8.78191,5.84351,40.1803,4485.07,-11.7411
lmfish,0.361906,1.6698e+06,14.6077,13.5956,191.181,4979.79,-12.6126
lmfish,0.483602,7.96194e+06,13.8354,9.18677,103.54,14315.3,2.54124
lmfish,0.360133,1.31143e+07,8.37614,2.09474,7.59149,2849.27,4.39996
lmfish,0.433149,6.81947e+06,6.31765,4.75338,25.8719,12276.5,-3.02762
lmfish,0.321285,4.55384e+08,62.0854,38.9971,1918.54,804061,-35.1355
lmfish,0.328223,531118,7.2735,4.31219,24.0609,1921.71,-2.07383
lmfish,0.317095,6.34218e+08,31.6025,5.74426,54.8779,-12584.5,54.5745
lmfish,0.49912,9.96853e+06,18.2212,2.02863,-9.06468,-5056.33,-8.36369
lmfish,0.500365,4.5264e+06,9.29312,6.48333,50.3177,114.196,0.815937
lmfish,0.509507,7.11007e+08,24.5221,3.53931,3.54184,-94359.2,32.7821
lmfish,0.503396,4.15219e+06,0.368704,0.0931029,0.017247,-94.867,0.000310601
lmfish,0.401316,3.37295e+07,7.10623,6.99486,49.1518,37004,-4.0215
lmfish,0.364875,2.1384e+07,26.4382,20.1742,465.503,93183.8,-19.6616
lmfish,0.422985,2.69961e+07,14.172,5.82282,48.825,19004.3,-20.3476
Misk,0.187308,848307,6.51473,0.18927,0.150414,-131.714,0.146788
Misk,0.180337,100498,6.18581,0.805698,1.09494,-214.24,-1.42702
Misk,0.200331,1.60589e+07,34.9261,3.5715,1.14422,-9104.37,39.8724
Misk,0.200084,7.97645e+06,13.4525,1.26961,-3.02691,-3358.84,-4.28583
Misk,0.216221,1.35409e+07,24.3811,6.00983,-72.719,-20136.1,-2.04657
Misk,0.179601,920569,4.90565,0.259885,-0.0938014,203.127,-0.278045
Misk,0.179468,200865,1.89696,0.277915,-0.0754697,122.511,-0.187144
Misk,0.182809,2.99497e+06,8.15475,0.343654,-0.368948,5.19888,-0.441404
Misk,0.174882,2.01482e+06,2.09061,0.0180161,-0.0033015,-12.4461,-0.00115122
Misk,0.179726,18965.4,19.4795,0.375866,-0.513407,12.8292,0.877943
Misk,0.208516,792080,30.6583,3.06993,-29.3404,-538.461,-5.11537
Misk,0.177544,109680,7.90486,1.19639,-1.96419,116.495,-3.11104
Misk,0.185473,3.16719e+06,0.342711,0.836443,-0.411228,1479.87,0.177338
Misk,0.173227,3.08645e+06,0.958288,0.0495985,0.0104855,86.9728,0.00264153
Misk,0.187059,1.28417e+06,4.90738,1.42139,-1.37659,1533.25,-3.49248
octopus,0.186245,490.375,1.42104,0.0883291,-0.0231114,1.91712,-0.0210989
octopus,0.295315,1143.03,22.9435,0.183525,-0.183073,-6.16576,0.3291
octopus,0.266352,671.231,19.3359,0.0349539,0.0112424,-0.855642,0.0264455
octopus,0.229655,5201.09,1.03306,0.613685,-0.277321,10.8596,0.40231
octopus,0.186574,73.8275,0.544471,0.0158724,-0.000403009,0.108098,-0.00141944
octopus,0.186868,10658.2,5.03112,2.06288,-6.54689,-53.7686,1.14204
octopus,0.192699,16757.8,9.38524,3.83484,-22.9776,-51.0342,-1.14419
octopus,0.170692,76827.9,3.0394,0.262474,-0.132839,21.9428,-0.193168
octopus,0.161601,4691.07,0.0960227,0.0314865,0.000925397,-1.89615,0.00146323
octopus,0.216103,16455.6,36.3533,0.14688,-0.148514,-11.8006,0.305184
octopus,0.20941,30951.1,30.6436,0.15173,-0.320818,4.93361,-0.0641685
octopus,0.198957,41932.7,35.2839,0.0384932,0.0448449,6.58139,0.00118306
octopus,0.177669,16448.9,10.288,0.0545756,0.0331076,3.66506,0.024005
octopus,0.195504,26636,3.15168,2.54167,6.62139,-62.4459,-2.81171
octopus,0.188047,19003.9,3.22444,0.280488,0.0755155,-26.7355,-0.255833
pencil,1.37665,6.5302e+06,2.95718,0.568004,0.263519,1406.2,-0.687368
pencil,0.534921,7.94874e+06,9.36005,5.87093,43.0155,5634.1,6.61416
pencil,0.577538,1.31025e+07,4.43181,0.63076,-0.556556,-2281.95,0.895781
pencil,0.598584,2.06614e+07,5.04948,2.81789,10.3111,12636.5,-2.58154
pencil,0.778806,2.1535e+07,3.31992,0.593595,0.0827563,-2413.13,0.829175
pencil,0.521945,40135.8,38.1611,31.0436,1067.36,1420.46,-49.0781
pencil,0.610868,2.28821e+06,11.325,9.14394,92.8401,5853.71,-6.25783
pencil,0.925527,3.84548e+06,1.23595,0.144022,-0.0491676,-201.425,0.0357042
pencil,0.504265,14019.6,20.6046,15.7719,284.32,22.8756,0.923234
pencil,0.704952,94607.6,440.11,377.591,153921,11987.9,-1226.94
pencil,0.577402,14455.3,85.547,66.7406,5040.51,1242.2,-157.755
pencil,0.85962,2.33852e+06,327.232,284.668,86881.6,11937.6,543.838
pencil,1.00775,617649,131.45,117.358,14576.2,27.6219,78.9067
pencil,1.04987,2.35418e+07,240.098,207.823,46414.8,176428,871.701
pencil,0.865115,9.6105e+06,245.483,219.459,50936.2,110117,-394.424
personal_car,0.254203,2.11807e+06,29.5184,4.37106,28.505,6343.31,-40.6531
personal_car,0.242587,1.01758e+06,16.9806,5.10536,47.2676,1373.28,-5.03737
personal_car,0.244683,40744.4,47.2722,10.8905,230.187,1362.79,-89.8487
personal_car,0.248001,102491,42.6531,4.45874,4.61667,1408.33,-61.3149
personal_car,0.258748,2.24658e+06,38.8122,5.45538,48.2117,8075.49,-63.0644
personal_car,0.274103,517451,10.8871,1.49636,3.30982,1044.26,-5.05195
personal_car,0.257093,6.08961e+06,29.9502,8.31976,128.011,15258.3,29.3399
personal_car,0.23296,3.56514e+06,29.438,7.05053,100.677,6857.46,-13.4738
personal_car,0.274905,2.62709e+06,69.198,21.3843,794.163,21788.4,-214.422
personal_car,0.284059,209645,7.38832,1.158,2.32707,518.695,2.46119
personal_car,0.267103,1.3089e+06,42.9921,5.33366,26.8595,6054.51,-76.1697
personal_car,0.260714,2.25078e+06,12.9224,0.972674,-0.99887,1183.48,-3.3006
personal_car,0.247435,2.74788e+06,13.6619,0.962621,-1.42396,1103.71,-3.18729
personal_car,0.22542,1.46757e+06,14.8413,1.70886,3.24603,2059.44,-7.97021
personal_car,0.240736,2.61892e+06,22.7228,2.87249,11.9284,4642.2,-19.9067
pocket,0.292569,525.729,20.3321,3.71538,19.7578,55.2266,25.5423
pocket,0.191571,1047.64,47.5915,14.4212,370.658,86.9584,73.1312
pocket,0.351244,35.1273,96.1802,7.57284,129.961,27.23,157.733
pocket,0.39151,504461,506.922,66.1096,11838.6,10579.2,2512.7
pocket,0.181126,1426.53,17.2243,3.29637,24.664,19.8045,2.93865
pocket,0.305531,3667.73,42.264,3.21925,19.2994,133.702,32.2116
pocket,0.524061,8769.49,482.899,4.1243,-147.8,383.933,109.691
pocket,0.366935,19.3662,11.9941,0.262748,-0.283323,0.373631,-0.370528
pocket,0.235019,66.853,6.33289,0.586801,0.730723,2.80055,0.863506
pocket,0.319848,637.471,41.6902,6.38419,93.9119,58.2566,45.04
pocket,0.442557,284397,308.411,9.09591,323.512,2764.27,356.982
pocket,0.253464,7765.64,102.189,21.0145,964.716,245.682,132.89
pocket,0.275062,603.479,19.7463,2.69458,14.3895,-32.8157,13.3893
pocket,0.266506,2232.43,56.7587,12.3503,326.987,12.2103,0.183154
pocket,0.284127,162.235,6.58372,0.158547,0.0928322,-1.21155,0.132745
rat,0.292249,393349,9.88489,7.06797,19.5166,-1818.92,-55.7615
rat,0.281547,112594,5.21611,3.84227,-1.38245,-796.992,-17.1454
rat,0.270308,230190,13.9729,8.64898,45.2997,-1738.75,-83.5955
rat,0.276653,112713,14.8104,9.79976,70.5081,-1103.25,-94.6945
rat,0.290577,290827,20.5197,13.7632,154.523,-559.584,-172.103
rat,0.28739,180994,11.9407,8.0935,44.7387,-1285.69,-65.7947
rat,0.281123,93370.2,15.1554,9.06183,43.4461,-1139.12,-96.9018
rat,0.276318,131267,11.3541,6.68743,29.2826,-968.971,-50.381
rat,0.272602,2395.93,3.38801,4.40119,-1.37197,-135.134,-16.9398
rat,0.27764,113751,4.73368,2.82243,-2.72845,-594.658,-9.9492
rat,0.272963,75802.5,8.48834,5.68302,5.71213,-934.426,-39.0556
rat,0.284109,75312.8,11.1828,5.56487,24.8426,-104.998,-36.194
rat,0.276455,29095,8.10899,6.25366,13.2017,-797.567,-42.5315
rat,0.284521,31356.7,7.14156,7.08644,8.01276,-759.861,-49.7717
rat,0.216936,13675.8,0.643319,2.74768,2.44845,-257.412,-2.71116
ray,0.20148,1.10267e+06,105.035,44.0137,2992.45,33951.5,-30.8944
ray,0.187126,2.91728e+06,75.3926,14.0417,434.342,15421.6,141.702
ray,0.183537,7297.82,21.8467,2.54412,18.5192,16.1675,-4.097
ray,0.183541,7617.12,21.9096,2.6312,17.5936,-88.379,-9.46461
ray,0.191161,8.82623e+06,64.0446,19.8692,708.779,43425.9,2.0908
ray,0.187776,5.72947e+06,62.2304,19.6527,626.039,36195.9,-283.603
ray,0.187776,5.73157e+06,62.2725,18.1917,596.318,29245.8,138.935
ray,0.187769,5.13434e+06,61.3936,16.9749,523.292,31478.4,162.659
ray,0.197687,86738.8,27.792,13.8155,268.685,1786.49,-33.0831
ray,0.197702,87092.2,27.5813,13.2616,250.707,1005.7,-38.3854
ray,0.197731,604508,27.2167,12.1208,219.807,8265.96,12.2391
ray,0.184786,4.87532e+06,49.369,18.7682,561.765,31000.6,-103.927
ray,0.191155,8.81823e+06,63.2941,21.6609,783.66,53219,-170.72
ray,0.184788,135034,49.4697,17.3447,507.548,-3843.62,-22.9317
ray,0.201482,1.13846e+07,104.962,43.2468,2910.9,113899,-128.083
sea_snake,0.581171,2.06966e+06,74.1933,12.3823,-363.714,-7358.79,92.5627
sea_snake,0.62113,258088,1278.25,192.002,-78620.2,-80313.5,-53539.5
sea_snake,0.53983,2.68104e+06,116.055,13.9539,560.691,10484.8,30.7549
sea_snake,0.556446,460531,116.974,5.90403,141.135,1669.89,-64.4533
sea_snake,0.654364,2.15211e+06,102.431,19.4247,687.599,27766.1,-527.207
sea_snake,0.670156,1.25046e+07,554.565,149.718,38817.9,487855,18823.2
sea_snake,0.642395,472713,29.1694,3.85828,2.19491,1066.27,40.8722
sea_snake,0.663508,1.24703e+07,484.261,117.331,27112.6,412830,-6863.6
sea_snake,0.477838,6.96464e+07,533.321,88.3166,3686.39,437337,-18809.3
sea_snake,0.471728,1.2011e+07,261.422,42.5751,912.23,-22647.6,4398.03
sea_snake,0.684591,1.83781e+06,85.3275,29.6135,182.74,39921.4,1477.34
sea_snake,0.666536,1.03711e+06,20.7779,1.64819,5.31776,-1658.44,8.04687
sea_snake,0.524324,8.82354e+06,159.526,39.2191,1977.44,93955.7,2390.2
sea_snake,0.514421,8.09327e+06,106.357,30.3612,1160.93,76088,-1276.27
sea_snake,0.602759,6.27382e+06,275.411,63.5593,-53.4012,57212.5,8409.13
shoe,0.257104,240689,27.0616,6.12889,75.1608,1655.98,-24.1038
shoe,0.271519,1.68099e+06,48.504,12.4893,297.5,6898.62,-77.3697
shoe,0.270751,3.69386e+06,30.1804,8.59329,138.297,5020.85,-5.03502
shoe,0.264932,1.05007e+06,39.8289,9.12705,165.663,4821.76,-53.2752
shoe,0.271055,226111,48.4893,9.51088,167.944,3383.43,-116.238
shoe,0.251975,5.46956e+06,49.6466,11.1572,262.486,7809.42,-7.41816
shoe,0.269162,1.05114e+06,36.1493,8.5758,148.607,2861.57,-26.7463
shoe,0.241531,4.39323e+06,39.7087,6.22099,78.0065,10937.5,-58.9505
shoe,0.244648,1.84916e+07,109.52,25.7154,1364.69,42757.4,-3.88414
shoe,0.268165,1.22539e+06,29.5097,7.47801,108.243,3864.33,-24.9721
shoe,0.242686,9.77208e+06,128.933,26.5187,1518.39,4900.05,314.627
shoe,0.236333,4.68148e+06,91.9048,14.3586,513.659,2380.14,90.6826
shoe,0.264329,841065,11.8382,2.20746,9.68488,1439.82,-5.79166
shoe,0.234681,1.36244e+07,103.419,17.2824,728.456,24944.7,56.5607
shoe,0.230497,3.9984e+06,86.979,14.2868,503.588,10354.9,6.49963
spoon,0.792753,47787,615.636,539.586,310911,-9726.96,-7194
spoon,0.537877,3.29019e+07,2710.45,1920.64,4.38075e+06,1.09729e+07,111352
spoon,0.537806,3.28863e+07,2615.21,1834.2,4.01691e+06,1.04546e+07,-48957.6
spoon,0.537806,3.28863e+07,2615.21,1834.2,4.01691e+06,1.04546e+07,48957.6
spoon,0.537779,3.2887e+07,2519.65,1737.84,3.63533e+06,9.92644e+06,-93220.1
spoon,0.896826,4.97453e+07,1333.84,1252.79,1.61938e+06,8.68543e+06,-14960.7
spoon,0.896831,4.97578e+07,1502.91,1394.9,2.01946e+06,9.62059e+06,28896.4
spoon,0.896831,4.97578e+07,1502.91,1394.9,2.01946e+06,9.62059e+06,-28896.4
spoon,0.896845,4.97432e+07,1411.51,1265.37,1.6906e+06,8.6287e+06,40911.3
spoon,0.551538,2.64812e+07,675.115,522.08,309921,2.55761e+06,-4393.5
spoon,0.551629,2.64651e+07,632.122,479.256,263652,2.31083e+06,8408.74
spoon,0.551629,2.64651e+07,632.122,479.256,263652,2.31083e+06,-8408.74
spoon,0.551575,2.64852e+07,569.545,424.187,208451,2.0679e+06,4369.04
spoon,0.792837,48379.6,603.615,540.272,308521,-1351.6,-2514.3
spoon,0.792753,47787,615.636,539.586,310911,-9726.96,7194
spring,1.39846,4.29557e+08,783.907,80.5029,16345,158348,-11908.7
spring,1.26989,2.43328e+07,1324.48,713.45,693463,2.39825e+06,-10053.1
spring,0.555135,5.65552e+07,74.9148,21.8838,828.077,162487,-315.297
spring,1.36708,2.77154e+07,63.4297,121.251,10106.7,125646,-3305.25
spring,1.36998,1.23929e+08,208.703,334.231,86387.3,618003,-18156.1
spring,0.51959,1.16446e+08,109.385,11.0238,-51.8801,-69223.5,379.271
spring,1.37632,7.79282e+06,49.7318,140.832,11660.1,192906,-1718.04
spring,0.814832,7.31437e+07,162.992,17.0649,856.514,103828,-276.338
spring,1.1686,3.93768e+06,112.445,66.8024,5778.44,112155,-361.27
spring,0.570984,1.35562e+08,243.176,20.4583,-1122.44,-184351,-906.832
spring,0.51959,1.16446e+08,109.385,11.0238,-51.8801,-69223.5,379.271
spring,0.994971,7.76446e+06,1037.13,652.23,489537,896599,-219354
spring,1.0661,5.98125e+06,21.3917,8.37872,111.958,-17924.9,6.93494
spring,1.37052,4.4453e+08,345.841,643.433,294771,2.99489e+06,72367.6
spring,1.37052,4.4453e+08,345.841,643.433,294771,2.99489e+06,72367.6
stef,0.486986,115405,231.073,17.0529,184.289,5604.61,1054.48
stef,0.334403,12156.9,70.5833,1.5281,1.72719,130.104,15.7757
stef,0.386188,118090,17.875,10.3637,6.5295,3427.21,140.907
stef,0.466616,69738.1,130.081,9.95808,-174.248,2307.12,313.192
stef,0.428705,63743.9,142.552,7.24944,-120.357,1693.02,199.562
stef,0.378481,119784,0.0543096,3.03342,0.826936,852.775,-0.912193
stef,0.458662,36820.5,173.618,12.4806,-422.21,2097.4,399.078
stef,0.482343,1.07779e+06,127.152,8.55592,213.534,772.444,-184.504
stef,0.54512,361891,482.994,41.9978,5374.34,17264,2625.81
stef,0.563586,329087,362.636,12.922,153.194,7058.68,871.195
stef,0.472705,249699,158.405,1.23961,-4.74397,575.192,16.7101
stef,0.44207,472749,69.6078,15.357,500.58,6638.07,-39.0029
stef,0.537356,488382,211.445,63.8326,5513.75,42171.3,4959.2
stef,0.573803,297021,438.196,60.0784,3307.78,32452.1,9169.53
stef,0.606267,53280.4,567.542,171.116,53250.6,-32801.9,-2826.55
teddy,0.184345,40771.7,32.0327,0.2426,0.624847,-16.6812,0.258717
teddy,0.184116,56582.4,32.809,0.633602,1.35253,-118.142,2.55264
teddy,0.18453,11429.7,29.4799,0.164669,0.211591,8.75961,-0.294721
teddy,0.180812,16097.3,27.3232,0.246217,0.605524,-10.9649,0.202919
teddy,0.185299,4436.02,26.8513,0.406613,1.34348,2.8316,-0.0133797
teddy,0.183096,92527.6,32.7112,0.287034,-0.0429275,-78.8004,0.878476
teddy,0.186817,34447.3,31.9216,0.503028,1.86983,14.3203,-0.752899
teddy,0.184807,121719,32.4024,0.518701,1.02351,-121.499,1.86397
teddy,0.184627,20451.5,34.1474,0.365185,1.20357,13.7126,-0.463063
teddy,0.184681,36631.1,34.9252,0.403879,0.58061,-59.0252,1.40134
teddy,0.184392,27872.7,32.6275,0.328703,1.0113,-12.3046,0.368825
teddy,0.184067,107794,28.5969,0.425893,1.43114,26.0523,-0.401193
teddy,0.185062,59355.3,28.8347,0.364164,1.01285,-34.1892,0.605539
teddy,0.181343,13116.8,27.8387,0.187818,0.326365,9.12614,-0.279159
teddy,0.183453,41703.5,29.9048,0.39421,1.23331,16.1479,-0.557631
tree,0.202787,7008.71,25.0185,1.59346,8.41171,124.072,-5.51977
tree,0.316344,144376,12.2343,4.62807,31.7144,1360.52,-14.3867
tree,0.206989,4341.62,38.3502,2.10369,16.6617,55.4178,8.91223
tree,0.37624,177054,23.6081,7.23246,82.6983,-2097.82,45.7426
tree,0.44156,2511.46,154.692,106.927,13739,785.722,600.138
tree,0.211481,1779.04,0.495924,0.608421,-0.333186,12.8765,-0.0260849
tree,0.238107,34342.5,4.44749,0.634335,-0.659215,-111.84,0.837036
tree,0.215341,43125.8,0.138261,0.632119,-0.159196,23.5093,0.0978701
tree,0.211933,185583,18.0257,2.03999,10.8936,340.479,-5.86173
tree,0.238149,8807.41,25.386,0.842679,2.05007,-51.348,3.31482
tree,0.254484,3880.44,46.2806,11.3303,258.795,-51.0604,18.4715
tree,0.437676,19530.2,5.41366,0.581654,0.0354945,-48.5094,-1.03154
tree,0.341871,43435.1,14.6254,2.44071,9.39803,451.681,11.15
tree,0.236674,263.862,9.02802,2.60947,-12.5816,12.2144,1.45602
tree,0.209797,604.711,24.1083,4.74942,-31.3664,83.9345,39.9866
truck,0.215594,609.46,1.65207,0.0377368,0.00537578,-0.880773,0.00773836
truck,0.226982,9768.5,3.44788,0.204761,0.143672,18.5834,-0.0946484
truck,0.219803,2846.63,1.74329,0.0120713,-0.00131124,0.382845,-0.00116063
truck,0.21765,5554.01,3.9333,0.11874,-0.0374045,7.59972,-0.0720128
truck,0.222469,1024.16,2.46943,0.141182,0.0138433,-3.96736,0.0822039
truck,0.206752,2976.66,1.52121,0.0433871,0.00535252,-2.26419,0.00977719
truck,0.223176,7806.84,2.27348,0.15617,0.0929908,-11.7763,0.00346081
truck,0.216389,902.688,0.811972,0.0287108,-0.00438354,-0.861416,3.3813e-05
truck,0.215487,650.063,2.41433,0.0294381,-0.000965992,0.715797,-0.00778838
truck,0.216243,917.814,3.31541,0.0995583,-0.0329207,2.38974,-0.046775
truck,0.205435,1442.23,1.2749,0.0141887,-0.000963694,-0.34196,0.00164712
truck,0.218036,261.79,2.16826,0.103754,0.0387237,-1.0786,-0.0303682
truck,0.218962,9085.94,3.28138,0.146512,-0.0169971,12.3419,-0.100155
truck,0.213605,678.475,0.952835,0.0316146,-0.00105772,-0.0588607,-0.00538416
truck,0.229616,1864.86,3.84284,0.279541,0.0974491,12.0695,-0.27285
turtle,0.231114,10826,27.0889,3.28401,-5.19661,-318.283,30.5354
turtle,0.229845,105420,5.62675,2.04355,5.31122,-175.52,4.45083
turtle,0.2314,1.85163e+07,62.2696,8.57942,96.7273,5395.3,-173.11
turtle,0.193563,1.34751e+06,17.8316,1.21047,1.83157,-1341.95,-5.31714
turtle,0.193538,6.72096e+06,18.8901,1.48283,1.10676,-8.35657,-7.76949
turtle,0.218811,6.53671e+06,6.71205,2.87125,11.8367,2438.46,-4.33281
turtle,0.203671,1.76811e+06,3.43245,0.418921,-0.500636,-287.824,0.0413695
turtle,0.258355,7.9566e+07,35.4654,9.34676,132.302,48724.6,107.03
turtle,0.258332,1.51746e+07,34.8077,7.56347,72.7743,-24494.8,98.8147
turtle,0.231007,25634.2,50.828,5.64029,-58.2101,760.46,-75.7088
turtle,0.224317,2.22901e+07,55.6959,6.62908,25.8202,-5659.06,-124.733
turtle,0.229804,1.14504e+07,5.3967,0.807409,1.55121,1994.42,0.659043
turtle,0.226317,3.78969e+07,19.5484,7.79592,94.5286,46802.2,18.0705
turtle,0.230317,2.31602e+07,12.245,4.74326,34.7137,6042.6,10.0849
turtle,0.211252,9.91033e+06,29.9076,6.73133,89.5583,19181.8,33.1837
watch,0.52829,348290,25.291,20.0236,450.507,-2223.67,9.47798
watch,0.695875,11953.5,5.27268,4.85604,24.5707,-34.7014,-0.244275
watch,0.794274,53181.5,126.81,86.5418,9031.22,8525.98,793.517
watch,0.440693,1356.07,28.3376,13.1609,243.292,298.99,73.5371
watch,0.672305,4453.14,321.402,239.76,66514.2,4821.02,-2373.11
watch,0.500092,378497,67.857,46.5662,2615.72,-5607.18,99.2043
watch,0.858632,738317,293.111,189.995,44554.7,-71148.6,5016.03
watch,0.69331,5.04735e+06,130.352,115.603,14191.1,-5244.61,22.3715
watch,0.435046,4376.21,22.0698,17.743,350.013,-199.909,-27.6832
watch,0.537577,269983,12.6031,9.42884,102.702,-950.997,-4.11743
watch,0.463223,45315.3,104.22,78.8419,7142.25,-1300.61,254.735
watch,0.474221,32829.7,51.8118,37.0817,1624.03,1052.31,66.2581
watch,0.594028,45218,77.5121,32.0767,1505.64,-5000.3,-539.716
watch,0.748055,6.0599e+07,49.2192,41.378,1867.14,193194,-26.5752
watch,0.4239,534120,48.255,37.7114,1608.65,3365.21,-15.1372
